"immgent_IGT_10xlane_id","hashtag_number","exp_number","exp_name","lab","encapsulation_date","encapsulated_cell_number","ncells_preqc","ncells_outliers_nGenes","ncells_outliers_deadcells","ncells_outliers_lowCountADT","ncells_outliers_autofluorescence","ncells_nonTcells","ncells_postqc","mean_nCount_RNA_postqc","mean_nFeature_RNA_postqc","mean_nCount_HTO_postqc","mean_nCount_ADT_postqc","IGT"
"IGT10","HT1","exp_8","Secondary lymphoid organs, peritoneal cavity, and blood T cells","Immgen Core","14-Jun-22",60000,566,0,0,0,24,61,481,3686,1486,1412,8745,"IGT10"
"IGT10","HT10","exp_8","Secondary lymphoid organs, peritoneal cavity, and blood T cells","Immgen Core","14-Jun-22",60000,376,0,0,0,22,23,331,3915,1647,2350,9285,"IGT10"
"IGT10","HT2","exp_8","Secondary lymphoid organs, peritoneal cavity, and blood T cells","Immgen Core","14-Jun-22",60000,1136,8,0,0,49,109,970,3741,1558,2496,8114,"IGT10"
"IGT10","HT3","exp_8","Secondary lymphoid organs, peritoneal cavity, and blood T cells","Immgen Core","14-Jun-22",60000,1063,6,1,0,201,239,617,4228,1696,1382,10962,"IGT10"
"IGT10","HT5","exp_8","Secondary lymphoid organs, peritoneal cavity, and blood T cells","Immgen Core","14-Jun-22",60000,338,0,0,0,17,14,307,3963,1614,1549,9025,"IGT10"
"IGT10","HT6","exp_8","Secondary lymphoid organs, peritoneal cavity, and blood T cells","Immgen Core","14-Jun-22",60000,362,2,0,0,27,21,312,3925,1587,1369,9220,"IGT10"
"IGT10","HT7","exp_8","Secondary lymphoid organs, peritoneal cavity, and blood T cells","Immgen Core","14-Jun-22",60000,353,1,0,0,14,13,325,3694,1541,2013,8566,"IGT10"
"IGT10","HT8","exp_8","Secondary lymphoid organs, peritoneal cavity, and blood T cells","Immgen Core","14-Jun-22",60000,382,1,0,0,21,20,340,3816,1567,1309,8640,"IGT10"
"IGT10","HT9","exp_8","Secondary lymphoid organs, peritoneal cavity, and blood T cells","Immgen Core","14-Jun-22",60000,336,0,0,0,26,21,289,3892,1588,1250,9049,"IGT10"
"IGT11","HT1","exp_8","Secondary lymphoid organs, peritoneal cavity, and blood T cells","Immgen Core","14-Jun-22",60000,1853,17,0,0,22,159,1655,3674,1493,1025,6589,"IGT11"
"IGT11","HT10","exp_8","Secondary lymphoid organs, peritoneal cavity, and blood T cells","Immgen Core","14-Jun-22",60000,986,5,0,1,16,67,897,3974,1672,1709,7091,"IGT11"
"IGT11","HT2","exp_8","Secondary lymphoid organs, peritoneal cavity, and blood T cells","Immgen Core","14-Jun-22",60000,3691,37,0,0,44,350,3260,3647,1538,1847,6195,"IGT11"
"IGT11","HT3","exp_8","Secondary lymphoid organs, peritoneal cavity, and blood T cells","Immgen Core","14-Jun-22",60000,3250,21,1,0,154,671,2404,4390,1715,1114,8974,"IGT11"
"IGT11","HT5","exp_8","Secondary lymphoid organs, peritoneal cavity, and blood T cells","Immgen Core","14-Jun-22",60000,1040,9,0,0,20,60,951,3805,1566,1118,6705,"IGT11"
"IGT11","HT6","exp_8","Secondary lymphoid organs, peritoneal cavity, and blood T cells","Immgen Core","14-Jun-22",60000,1183,7,0,0,28,58,1090,3924,1604,1088,7392,"IGT11"
"IGT11","HT7","exp_8","Secondary lymphoid organs, peritoneal cavity, and blood T cells","Immgen Core","14-Jun-22",60000,1106,7,0,0,20,63,1016,3803,1575,1540,6846,"IGT11"
"IGT11","HT8","exp_8","Secondary lymphoid organs, peritoneal cavity, and blood T cells","Immgen Core","14-Jun-22",60000,1059,6,0,0,12,65,976,3834,1590,951,6730,"IGT11"
"IGT11","HT9","exp_8","Secondary lymphoid organs, peritoneal cavity, and blood T cells","Immgen Core","14-Jun-22",60000,1055,3,0,0,35,53,964,3969,1604,949,7103,"IGT11"
"IGT12","HT1","exp_8","Secondary lymphoid organs, peritoneal cavity, and blood T cells","Immgen Core","14-Jun-22",60000,1495,7,0,0,1,93,1394,3562,1477,715,5959,"IGT12"
"IGT12","HT10","exp_8","Secondary lymphoid organs, peritoneal cavity, and blood T cells","Immgen Core","14-Jun-22",60000,550,3,0,0,9,50,488,4235,1758,1823,6426,"IGT12"
"IGT12","HT2","exp_8","Secondary lymphoid organs, peritoneal cavity, and blood T cells","Immgen Core","14-Jun-22",60000,2478,19,0,0,6,160,2293,3669,1559,1943,5656,"IGT12"
"IGT12","HT3","exp_8","Secondary lymphoid organs, peritoneal cavity, and blood T cells","Immgen Core","14-Jun-22",60000,2516,36,1,0,26,573,1881,3943,1620,994,7819,"IGT12"
"IGT12","HT5","exp_8","Secondary lymphoid organs, peritoneal cavity, and blood T cells","Immgen Core","14-Jun-22",60000,1097,7,0,0,4,61,1025,3070,1375,1011,6140,"IGT12"
"IGT12","HT6","exp_8","Secondary lymphoid organs, peritoneal cavity, and blood T cells","Immgen Core","14-Jun-22",60000,1076,5,0,0,2,61,1008,3750,1568,903,6249,"IGT12"
"IGT12","HT9","exp_8","Secondary lymphoid organs, peritoneal cavity, and blood T cells","Immgen Core","14-Jun-22",60000,1083,4,0,0,1,49,1029,3812,1592,824,6520,"IGT12"
"IGT13","HT1","exp_9","Secondary lymphoid organs T cells","Immgen Core","18-Jul-22",60000,3754,106,0,0,4,23,3621,1189,644,772,2296,"IGT13"
"IGT13","HT10","exp_9","Secondary lymphoid organs T cells","Immgen Core","18-Jul-22",60000,1821,33,0,0,5,20,1763,1302,692,450,2354,"IGT13"
"IGT13","HT3","exp_9","Secondary lymphoid organs T cells","Immgen Core","18-Jul-22",60000,1899,38,0,0,3,21,1837,1319,700,330,2500,"IGT13"
"IGT13","HT4","exp_9","Secondary lymphoid organs T cells","Immgen Core","18-Jul-22",60000,1799,38,0,0,7,29,1725,1394,747,373,2790,"IGT13"
"IGT13","HT6","exp_9","Secondary lymphoid organs T cells","Immgen Core","18-Jul-22",60000,1783,32,1,0,3,32,1716,1399,749,465,2602,"IGT13"
"IGT13","HT7","exp_9","Secondary lymphoid organs T cells","Immgen Core","18-Jul-22",60000,1887,33,0,0,4,13,1837,1282,688,447,2364,"IGT13"
"IGT13","HT8","exp_9","Secondary lymphoid organs T cells","Immgen Core","18-Jul-22",60000,1900,41,0,0,7,24,1828,1339,714,196,2664,"IGT13"
"IGT13","HT9","exp_9","Secondary lymphoid organs T cells","Immgen Core","18-Jul-22",60000,2099,49,0,0,9,13,2028,1344,713,124,3038,"IGT13"
"IGT14","HT1","exp_9","Secondary lymphoid organs T cells","Immgen Core","18-Jul-22",60000,4008,83,5,0,12,31,3880,1115,622,1120,3584,"IGT14"
"IGT14","HT10","exp_9","Secondary lymphoid organs T cells","Immgen Core","18-Jul-22",60000,1992,36,1,0,10,18,1928,1193,653,698,3733,"IGT14"
"IGT14","HT3","exp_9","Secondary lymphoid organs T cells","Immgen Core","18-Jul-22",60000,1982,31,0,0,14,16,1921,1236,675,491,3951,"IGT14"
"IGT14","HT4","exp_9","Secondary lymphoid organs T cells","Immgen Core","18-Jul-22",60000,1856,38,0,0,31,39,1748,1257,694,581,4409,"IGT14"
"IGT14","HT6","exp_9","Secondary lymphoid organs T cells","Immgen Core","18-Jul-22",60000,1944,31,1,0,7,25,1881,1238,684,692,4126,"IGT14"
"IGT14","HT7","exp_9","Secondary lymphoid organs T cells","Immgen Core","18-Jul-22",60000,2010,28,0,0,12,25,1945,1127,630,670,3743,"IGT14"
"IGT14","HT8","exp_9","Secondary lymphoid organs T cells","Immgen Core","18-Jul-22",60000,2021,32,2,0,18,28,1943,1226,677,272,4252,"IGT14"
"IGT14","HT9","exp_9","Secondary lymphoid organs T cells","Immgen Core","18-Jul-22",60000,2377,18,0,0,12,19,2328,1187,661,188,4736,"IGT14"
"IGT15","HT10","exp_10","Submandibular salivary gland T cells in WT and PD1KO","Brossay","27-Jul-22",15000,89,0,0,0,2,3,84,4805,1973,2228,7163,"IGT15"
"IGT15","HT3","exp_10","Submandibular salivary gland T cells in WT and PD1KO","Brossay","27-Jul-22",15000,123,1,0,0,2,8,112,5063,2089,1783,6673,"IGT15"
"IGT15","HT4","exp_10","Submandibular salivary gland T cells in WT and PD1KO","Brossay","27-Jul-22",15000,287,5,0,1,3,14,264,5107,2065,2128,6741,"IGT15"
"IGT15","HT5","exp_10","Submandibular salivary gland T cells in WT and PD1KO","Brossay","27-Jul-22",15000,416,2,0,1,10,8,395,4251,1860,1555,6800,"IGT15"
"IGT15","HT6","exp_10","Submandibular salivary gland T cells in WT and PD1KO","Brossay","27-Jul-22",15000,92,0,0,0,2,2,88,4032,1820,1549,5784,"IGT15"
"IGT15","HT7","exp_10","Submandibular salivary gland T cells in WT and PD1KO","Brossay","27-Jul-22",15000,363,5,0,0,7,7,344,3959,1807,2710,7220,"IGT15"
"IGT15","HT8","exp_10","Submandibular salivary gland T cells in WT and PD1KO","Brossay","27-Jul-22",15000,202,2,0,0,4,13,183,4058,1785,2009,6970,"IGT15"
"IGT15","HT9","exp_10","Submandibular salivary gland T cells in WT and PD1KO","Brossay","27-Jul-22",15000,338,1,0,0,6,11,320,3857,1748,1743,6386,"IGT15"
"IGT16","HT10","exp_10","Submandibular salivary gland T cells in WT and PD1KO","Brossay","27-Jul-22",15000,190,0,0,4,3,8,175,4507,1881,1327,4281,"IGT16"
"IGT16","HT3","exp_10","Submandibular salivary gland T cells in WT and PD1KO","Brossay","27-Jul-22",15000,224,1,0,0,5,7,211,5241,2053,1066,4220,"IGT16"
"IGT16","HT4","exp_10","Submandibular salivary gland T cells in WT and PD1KO","Brossay","27-Jul-22",15000,554,6,0,4,14,32,498,4864,1976,1275,3923,"IGT16"
"IGT16","HT5","exp_10","Submandibular salivary gland T cells in WT and PD1KO","Brossay","27-Jul-22",15000,799,4,0,2,27,17,749,4105,1791,912,3970,"IGT16"
"IGT16","HT6","exp_10","Submandibular salivary gland T cells in WT and PD1KO","Brossay","27-Jul-22",15000,233,0,0,4,2,5,222,4174,1827,997,3737,"IGT16"
"IGT16","HT7","exp_10","Submandibular salivary gland T cells in WT and PD1KO","Brossay","27-Jul-22",15000,688,5,0,5,17,15,646,3967,1772,1599,4169,"IGT16"
"IGT16","HT8","exp_10","Submandibular salivary gland T cells in WT and PD1KO","Brossay","27-Jul-22",15000,460,0,0,3,17,18,422,3855,1704,1115,3958,"IGT16"
"IGT16","HT9","exp_10","Submandibular salivary gland T cells in WT and PD1KO","Brossay","27-Jul-22",15000,712,4,0,8,25,24,651,3728,1691,1018,3811,"IGT16"
"IGT17","HT2","exp_11","Thymus","Immgen Core","02-Aug-22",50000,3497,55,0,0,3,0,3439,3039,1476,645,3010,"IGT17"
"IGT17","HT3","exp_11","Thymus","Immgen Core","02-Aug-22",50000,4169,59,0,0,10,0,4100,3214,1506,337,3398,"IGT17"
"IGT17","HT4","exp_11","Thymus","Immgen Core","02-Aug-22",50000,3646,45,0,0,5,0,3596,3249,1557,536,3330,"IGT17"
"IGT17","HT5","exp_11","Thymus","Immgen Core","02-Aug-22",50000,3266,35,2,0,3,0,3228,3303,1561,493,3493,"IGT17"
"IGT18","HT2","exp_11","Thymus","Immgen Core","02-Aug-22",46000,3622,36,0,7,12,0,3567,3206,1521,781,3695,"IGT18"
"IGT18","HT3","exp_11","Thymus","Immgen Core","02-Aug-22",46000,3947,34,1,2,19,0,3892,3383,1557,429,4206,"IGT18"
"IGT18","HT4","exp_11","Thymus","Immgen Core","02-Aug-22",46000,3480,42,2,4,15,0,3419,3591,1635,657,4117,"IGT18"
"IGT18","HT5","exp_11","Thymus","Immgen Core","02-Aug-22",46000,3219,32,1,0,14,0,3173,3464,1598,611,4299,"IGT18"
"IGT19","HT1","exp_12","Secondary lymphoid organs T cells at baseline","Immgen West","02-Aug-22",50000,3303,8,0,0,120,10,3165,3496,1608,846,2102,"IGT19"
"IGT19","HT3","exp_12","Secondary lymphoid organs T cells at baseline","Immgen West","02-Aug-22",50000,1727,3,0,1,55,9,1659,3428,1595,1047,2033,"IGT19"
"IGT19","HT4","exp_12","Secondary lymphoid organs T cells at baseline","Immgen West","02-Aug-22",50000,1735,6,0,0,53,5,1671,3423,1617,1114,2122,"IGT19"
"IGT19","HT5","exp_12","Secondary lymphoid organs T cells at baseline","Immgen West","02-Aug-22",50000,1630,6,0,0,62,4,1558,3427,1589,1081,2129,"IGT19"
"IGT19","HT6","exp_12","Secondary lymphoid organs T cells at baseline","Immgen West","02-Aug-22",50000,1695,6,0,2,65,3,1619,3479,1631,967,2267,"IGT19"
"IGT19","HT7","exp_12","Secondary lymphoid organs T cells at baseline","Immgen West","02-Aug-22",50000,1613,3,0,1,45,6,1558,3403,1591,1473,1912,"IGT19"
"IGT19","HT8","exp_12","Secondary lymphoid organs T cells at baseline","Immgen West","02-Aug-22",50000,1641,3,0,1,45,5,1587,3526,1649,1140,2102,"IGT19"
"IGT19","HT9","exp_12","Secondary lymphoid organs T cells at baseline","Immgen West","02-Aug-22",50000,3461,6,0,0,141,9,3305,3608,1658,1201,2131,"IGT19"
"IGT2","HT1","exp_2","Bone marrow thymus blood T cells at baseline","Immgen Core","06-Apr-22",12000,155,1,0,0,4,5,145,3267,1282,1359,4275,"IGT2"
"IGT2","HT2","exp_2","Bone marrow thymus blood T cells at baseline","Immgen Core","06-Apr-22",12000,282,6,0,0,1,25,250,2755,1154,3210,4167,"IGT2"
"IGT2","HT3","exp_2","Bone marrow thymus blood T cells at baseline","Immgen Core","06-Apr-22",12000,612,70,0,0,5,24,513,2672,1125,1776,3865,"IGT2"
"IGT2","HT4","exp_2","Bone marrow thymus blood T cells at baseline","Immgen Core","06-Apr-22",12000,1254,41,0,0,10,81,1122,2707,1135,1747,3952,"IGT2"
"IGT2","HT5","exp_2","Bone marrow thymus blood T cells at baseline","Immgen Core","06-Apr-22",12000,723,33,0,0,8,142,540,3195,1275,1456,6047,"IGT2"
"IGT2","HT6","exp_2","Bone marrow thymus blood T cells at baseline","Immgen Core","06-Apr-22",12000,827,34,1,0,13,148,632,3359,1310,1971,5684,"IGT2"
"IGT2","HT7","exp_2","Bone marrow thymus blood T cells at baseline","Immgen Core","06-Apr-22",12000,1660,56,1,0,17,29,1558,3872,1559,372,4482,"IGT2"
"IGT2","HT8","exp_2","Bone marrow thymus blood T cells at baseline","Immgen Core","06-Apr-22",12000,1534,31,0,0,17,39,1447,4295,1667,289,4537,"IGT2"
"IGT20","HT10","exp_13","Colon and small intestine T cells in the epithelium and lamina propria","Immgen Core","12-Aug-22",50000,1884,26,0,0,127,29,1702,2509,1158,1750,6098,"IGT20"
"IGT20","HT3","exp_13","Colon and small intestine T cells in the epithelium and lamina propria","Immgen Core","12-Aug-22",50000,1185,6,0,0,17,6,1156,2734,1317,1323,5391,"IGT20"
"IGT20","HT4","exp_13","Colon and small intestine T cells in the epithelium and lamina propria","Immgen Core","12-Aug-22",50000,2457,24,0,0,56,13,2364,3087,1447,952,6810,"IGT20"
"IGT20","HT5","exp_13","Colon and small intestine T cells in the epithelium and lamina propria","Immgen Core","12-Aug-22",50000,2821,16,0,0,75,7,2723,3447,1542,952,7437,"IGT20"
"IGT20","HT7","exp_13","Colon and small intestine T cells in the epithelium and lamina propria","Immgen Core","12-Aug-22",50000,2041,38,0,0,135,62,1806,2389,1125,2085,6285,"IGT20"
"IGT20","HT8","exp_13","Colon and small intestine T cells in the epithelium and lamina propria","Immgen Core","12-Aug-22",50000,1948,32,0,0,98,39,1779,2398,1126,1175,6102,"IGT20"
"IGT20","HT9","exp_13","Colon and small intestine T cells in the epithelium and lamina propria","Immgen Core","12-Aug-22",50000,1830,26,0,0,75,37,1692,2577,1185,1165,6068,"IGT20"
"IGT21","HT10","exp_13","Colon and small intestine T cells in the epithelium and lamina propria","Immgen Core","12-Aug-22",48200,996,5,0,1,66,24,900,2943,1321,1249,4610,"IGT21"
"IGT21","HT3","exp_13","Colon and small intestine T cells in the epithelium and lamina propria","Immgen Core","12-Aug-22",48200,693,2,0,2,17,6,666,3501,1604,1016,4260,"IGT21"
"IGT21","HT4","exp_13","Colon and small intestine T cells in the epithelium and lamina propria","Immgen Core","12-Aug-22",48200,1407,8,0,0,41,12,1346,3811,1719,694,5215,"IGT21"
"IGT21","HT5","exp_13","Colon and small intestine T cells in the epithelium and lamina propria","Immgen Core","12-Aug-22",48200,1482,9,0,1,42,13,1417,4095,1795,758,5706,"IGT21"
"IGT21","HT7","exp_13","Colon and small intestine T cells in the epithelium and lamina propria","Immgen Core","12-Aug-22",48200,1131,11,0,0,104,44,972,3014,1345,1535,4893,"IGT21"
"IGT21","HT8","exp_13","Colon and small intestine T cells in the epithelium and lamina propria","Immgen Core","12-Aug-22",48200,1070,15,0,3,68,38,946,2890,1303,896,4824,"IGT21"
"IGT21","HT9","exp_13","Colon and small intestine T cells in the epithelium and lamina propria","Immgen Core","12-Aug-22",48200,963,17,0,1,39,27,879,3128,1400,907,4850,"IGT21"
"IGT22","HT1","exp_14","Unconventional T cells in KbDb KO and KbDbQa1 KO mice in MCMV infection","Brossay","29-Aug-22",50000,1232,27,0,0,102,829,274,2799,1395,1232,4148,"IGT22"
"IGT22","HT10","exp_14","Unconventional T cells in KbDb KO and KbDbQa1 KO mice in MCMV infection","Brossay","29-Aug-22",50000,1024,49,0,0,72,77,826,2676,1349,1089,3485,"IGT22"
"IGT22","HT2","exp_14","Unconventional T cells in KbDb KO and KbDbQa1 KO mice in MCMV infection","Brossay","29-Aug-22",50000,1159,44,0,0,101,167,847,3147,1506,1405,3759,"IGT22"
"IGT22","HT3","exp_14","Unconventional T cells in KbDb KO and KbDbQa1 KO mice in MCMV infection","Brossay","29-Aug-22",50000,4,0,0,0,0,1,3,2242,1233,54,3234,"IGT22"
"IGT22","HT4","exp_14","Unconventional T cells in KbDb KO and KbDbQa1 KO mice in MCMV infection","Brossay","29-Aug-22",50000,1421,50,0,0,103,64,1204,3166,1536,975,3922,"IGT22"
"IGT22","HT5","exp_14","Unconventional T cells in KbDb KO and KbDbQa1 KO mice in MCMV infection","Brossay","29-Aug-22",50000,1404,50,1,0,124,81,1149,3180,1540,836,4045,"IGT22"
"IGT22","HT6","exp_14","Unconventional T cells in KbDb KO and KbDbQa1 KO mice in MCMV infection","Brossay","29-Aug-22",50000,1750,49,0,0,119,86,1496,2740,1368,816,3971,"IGT22"
"IGT22","HT7","exp_14","Unconventional T cells in KbDb KO and KbDbQa1 KO mice in MCMV infection","Brossay","29-Aug-22",50000,1239,51,0,0,90,121,977,2699,1361,1447,3462,"IGT22"
"IGT22","HT8","exp_14","Unconventional T cells in KbDb KO and KbDbQa1 KO mice in MCMV infection","Brossay","29-Aug-22",50000,992,45,0,0,61,68,818,2767,1383,1073,3643,"IGT22"
"IGT23","HT2","exp_15","Lung T cells in Aspergilllus fumigatus infection and house dust mite allergy model","Kang","08-Sep-22",45000,2563,89,0,0,18,55,2401,1565,889,871,3784,"IGT23"
"IGT23","HT3","exp_15","Lung T cells in Aspergilllus fumigatus infection and house dust mite allergy model","Kang","08-Sep-22",45000,2282,85,0,3,22,100,2072,1628,906,649,3887,"IGT23"
"IGT23","HT4","exp_15","Lung T cells in Aspergilllus fumigatus infection and house dust mite allergy model","Kang","08-Sep-22",45000,1891,54,0,0,55,62,1720,2125,1094,333,4467,"IGT23"
"IGT23","HT5","exp_15","Lung T cells in Aspergilllus fumigatus infection and house dust mite allergy model","Kang","08-Sep-22",45000,1855,54,0,0,64,69,1668,1932,1022,485,4246,"IGT23"
"IGT23","HT6","exp_15","Lung T cells in Aspergilllus fumigatus infection and house dust mite allergy model","Kang","08-Sep-22",45000,2003,42,0,2,38,79,1842,1889,1008,487,3938,"IGT23"
"IGT23","HT7","exp_15","Lung T cells in Aspergilllus fumigatus infection and house dust mite allergy model","Kang","08-Sep-22",45000,1731,56,0,16,27,106,1526,1750,955,1077,3804,"IGT23"
"IGT24","HT1","exp_16","T cells in Foxp3-mutant mice","Immgen Core","12-Sep-22",50000,1098,5,0,1,26,32,1034,4606,1981,315,6423,"IGT24"
"IGT24","HT10","exp_16","T cells in Foxp3-mutant mice","Immgen Core","12-Sep-22",50000,1334,19,0,2,36,11,1266,2354,1191,1125,5540,"IGT24"
"IGT24","HT2","exp_16","T cells in Foxp3-mutant mice","Immgen Core","12-Sep-22",50000,1081,5,0,0,39,22,1015,3868,1780,404,6560,"IGT24"
"IGT24","HT3","exp_16","T cells in Foxp3-mutant mice","Immgen Core","12-Sep-22",50000,1054,17,3,0,72,30,935,6305,2255,990,7880,"IGT24"
"IGT24","HT4","exp_16","T cells in Foxp3-mutant mice","Immgen Core","12-Sep-22",50000,1141,4,0,0,49,25,1063,3147,1554,467,6807,"IGT24"
"IGT24","HT5","exp_16","T cells in Foxp3-mutant mice","Immgen Core","12-Sep-22",50000,1225,8,0,0,57,21,1139,4728,1912,434,7430,"IGT24"
"IGT24","HT6","exp_16","T cells in Foxp3-mutant mice","Immgen Core","12-Sep-22",50000,1061,4,0,0,35,31,991,2741,1390,449,6687,"IGT24"
"IGT24","HT7","exp_16","T cells in Foxp3-mutant mice","Immgen Core","12-Sep-22",50000,832,10,0,0,24,16,782,3491,1496,2691,6388,"IGT24"
"IGT24","HT8","exp_16","T cells in Foxp3-mutant mice","Immgen Core","12-Sep-22",50000,1196,14,0,0,33,32,1117,3512,1510,1128,5906,"IGT24"
"IGT24","HT9","exp_16","T cells in Foxp3-mutant mice","Immgen Core","12-Sep-22",50000,733,8,0,1,27,11,686,2840,1414,2437,6367,"IGT24"
"IGT25","HT2","exp_17","Colon T cells in DSS colitis and T muris infection, joint T cells in K/BxN arthitis","Immgen Core","03-Oct-22",11000,498,1,0,0,37,6,454,5353,1944,7101,5327,"IGT25"
"IGT25","HT3","exp_17","Colon T cells in DSS colitis and T muris infection, joint T cells in K/BxN arthitis","Immgen Core","03-Oct-22",11000,524,4,0,0,47,6,467,5004,1864,4873,5653,"IGT25"
"IGT25","HT4","exp_17","Colon T cells in DSS colitis and T muris infection, joint T cells in K/BxN arthitis","Immgen Core","03-Oct-22",11000,624,0,0,0,28,4,592,4490,1707,3493,4064,"IGT25"
"IGT25","HT5","exp_17","Colon T cells in DSS colitis and T muris infection, joint T cells in K/BxN arthitis","Immgen Core","03-Oct-22",11000,131,0,0,0,12,7,112,4479,1741,2851,5315,"IGT25"
"IGT26","HT1","exp_20","Small intestine T cells in acute and chronic norovirus  (CR6 and CW3)","Cadwell","18-Oct-22",50000,190,3,0,0,3,4,180,3002,1403,633,3031,"IGT26"
"IGT26","HT10","exp_20","Small intestine T cells in acute and chronic norovirus  (CR6 and CW3)","Cadwell","18-Oct-22",50000,1771,21,0,0,27,2,1721,3226,1644,1144,3815,"IGT26"
"IGT26","HT2","exp_20","Small intestine T cells in acute and chronic norovirus  (CR6 and CW3)","Cadwell","18-Oct-22",50000,168,4,0,0,2,6,156,2765,1354,869,2722,"IGT26"
"IGT26","HT3","exp_20","Small intestine T cells in acute and chronic norovirus  (CR6 and CW3)","Cadwell","18-Oct-22",50000,210,2,0,0,3,5,200,2943,1366,269,2896,"IGT26"
"IGT26","HT4","exp_20","Small intestine T cells in acute and chronic norovirus  (CR6 and CW3)","Cadwell","18-Oct-22",50000,717,14,0,0,14,10,679,2765,1353,461,3020,"IGT26"
"IGT26","HT5","exp_20","Small intestine T cells in acute and chronic norovirus  (CR6 and CW3)","Cadwell","18-Oct-22",50000,208,3,0,0,6,5,194,2932,1341,427,3135,"IGT26"
"IGT26","HT6","exp_20","Small intestine T cells in acute and chronic norovirus  (CR6 and CW3)","Cadwell","18-Oct-22",50000,3607,45,0,0,58,13,3491,2985,1571,878,3488,"IGT26"
"IGT26","HT8","exp_20","Small intestine T cells in acute and chronic norovirus  (CR6 and CW3)","Cadwell","18-Oct-22",50000,1494,16,0,0,21,8,1449,2987,1556,753,3354,"IGT26"
"IGT26","HT9","exp_20","Small intestine T cells in acute and chronic norovirus  (CR6 and CW3)","Cadwell","18-Oct-22",50000,1783,22,0,0,29,6,1726,3040,1560,792,3492,"IGT26"
"IGT27","HT10","exp_21","Colon lung axis T cells upon intestinal fungal colonization (Candida albicans)","Iliev","19-Oct-22",48355,1409,4,0,0,3,22,1380,3696,1640,528,2549,"IGT27"
"IGT27","HT2","exp_21","Colon lung axis T cells upon intestinal fungal colonization (Candida albicans)","Iliev","19-Oct-22",48355,1088,2,0,7,11,22,1046,3188,1451,1372,2787,"IGT27"
"IGT27","HT3","exp_21","Colon lung axis T cells upon intestinal fungal colonization (Candida albicans)","Iliev","19-Oct-22",48355,1022,4,0,5,10,14,989,3350,1534,514,2533,"IGT27"
"IGT27","HT4","exp_21","Colon lung axis T cells upon intestinal fungal colonization (Candida albicans)","Iliev","19-Oct-22",48355,1109,2,0,6,6,24,1071,3241,1547,685,2693,"IGT27"
"IGT27","HT5","exp_21","Colon lung axis T cells upon intestinal fungal colonization (Candida albicans)","Iliev","19-Oct-22",48355,1665,4,0,1,37,33,1590,3381,1521,228,3280,"IGT27"
"IGT27","HT6","exp_21","Colon lung axis T cells upon intestinal fungal colonization (Candida albicans)","Iliev","19-Oct-22",48355,1648,6,0,1,53,27,1561,3988,1678,378,3459,"IGT27"
"IGT27","HT7","exp_21","Colon lung axis T cells upon intestinal fungal colonization (Candida albicans)","Iliev","19-Oct-22",48355,1573,6,0,0,37,13,1517,3820,1667,485,3491,"IGT27"
"IGT27","HT8","exp_21","Colon lung axis T cells upon intestinal fungal colonization (Candida albicans)","Iliev","19-Oct-22",48355,1452,1,1,2,7,22,1420,3321,1528,442,2546,"IGT27"
"IGT27","HT9","exp_21","Colon lung axis T cells upon intestinal fungal colonization (Candida albicans)","Iliev","19-Oct-22",48355,1365,3,0,2,7,25,1328,3512,1596,433,2558,"IGT27"
"IGT28","HT2","exp_22","Colon T cells during T muris and C rodentium infections","Cadwell","20-Oct-22",43902,2335,107,0,2,248,318,1660,2599,1176,307,2249,"IGT28"
"IGT28","HT3","exp_22","Colon T cells during T muris and C rodentium infections","Cadwell","20-Oct-22",43902,2418,61,0,0,446,195,1716,6547,2073,141,3095,"IGT28"
"IGT28","HT4","exp_22","Colon T cells during T muris and C rodentium infections","Cadwell","20-Oct-22",43902,2525,48,0,0,473,165,1839,6542,2042,138,3266,"IGT28"
"IGT28","HT5","exp_22","Colon T cells during T muris and C rodentium infections","Cadwell","20-Oct-22",43902,2152,96,0,1,242,342,1471,2633,1178,161,2228,"IGT28"
"IGT28","HT6","exp_22","Colon T cells during T muris and C rodentium infections","Cadwell","20-Oct-22",43902,1304,60,0,0,154,200,890,2549,1165,140,2250,"IGT28"
"IGT29","HT1","exp_23","Spleen T cells in aging","Sinclair","26-Oct-22",50000,1799,14,0,1,22,33,1729,2328,1131,131,1613,"IGT29"
"IGT29","HT2","exp_23","Spleen T cells in aging","Sinclair","26-Oct-22",50000,1398,8,0,1,12,16,1361,2299,1129,149,1594,"IGT29"
"IGT29","HT3","exp_23","Spleen T cells in aging","Sinclair","26-Oct-22",50000,1596,19,0,1,10,55,1511,2311,1126,235,1618,"IGT29"
"IGT29","HT4","exp_23","Spleen T cells in aging","Sinclair","26-Oct-22",50000,1819,24,0,2,17,42,1734,2305,1121,336,1642,"IGT29"
"IGT29","HT5","exp_23","Spleen T cells in aging","Sinclair","26-Oct-22",50000,1720,17,0,0,17,34,1652,2271,1120,157,1658,"IGT29"
"IGT29","HT6","exp_23","Spleen T cells in aging","Sinclair","26-Oct-22",50000,1646,13,0,2,12,59,1560,2384,1167,224,1728,"IGT29"
"IGT29","HT7","exp_23","Spleen T cells in aging","Sinclair","26-Oct-22",50000,1744,40,0,7,16,39,1642,2244,1106,482,1618,"IGT29"
"IGT29","HT8","exp_23","Spleen T cells in aging","Sinclair","26-Oct-22",50000,1530,23,0,0,27,54,1426,2412,1176,423,1748,"IGT29"
"IGT29","HT9","exp_23","Spleen T cells in aging","Sinclair","26-Oct-22",50000,403,5,0,1,26,8,363,3917,1579,489,2774,"IGT29"
"IGT3","HT10","exp_3","Liver kidney and lung T cells at baseline","Immgen Core","13-Apr-22",60000,1559,10,0,0,25,69,1455,4375,1690,2074,8204,"IGT3"
"IGT3","HT2","exp_3","Liver kidney and lung T cells at baseline","Immgen Core","13-Apr-22",60000,889,3,0,0,23,40,823,4179,1722,3998,8595,"IGT3"
"IGT3","HT4","exp_3","Liver kidney and lung T cells at baseline","Immgen Core","13-Apr-22",60000,305,0,0,0,5,21,279,3945,1647,2433,8040,"IGT3"
"IGT3","HT5","exp_3","Liver kidney and lung T cells at baseline","Immgen Core","13-Apr-22",60000,2131,2,0,0,29,78,2022,4280,1731,992,7953,"IGT3"
"IGT3","HT6","exp_3","Liver kidney and lung T cells at baseline","Immgen Core","13-Apr-22",60000,1956,2,0,0,17,73,1864,3980,1654,1363,7594,"IGT3"
"IGT3","HT7","exp_3","Liver kidney and lung T cells at baseline","Immgen Core","13-Apr-22",60000,912,3,1,0,24,44,841,4675,1792,2783,8250,"IGT3"
"IGT3","HT8","exp_3","Liver kidney and lung T cells at baseline","Immgen Core","13-Apr-22",60000,413,2,0,0,3,17,391,4025,1595,1795,7896,"IGT3"
"IGT3","HT9","exp_3","Liver kidney and lung T cells at baseline","Immgen Core","13-Apr-22",60000,1989,5,2,0,31,65,1887,5159,1900,2341,8339,"IGT3"
"IGT30","HT2","exp_18","Intraepithelial T cells in intestine segments","Jabri","13-Oct-22",36602,1515,27,0,2,1,24,1461,3543,1650,473,3770,"IGT30"
"IGT30","HT3","exp_18","Intraepithelial T cells in intestine segments","Jabri","13-Oct-22",36602,1459,26,0,0,5,13,1415,3658,1714,361,3864,"IGT30"
"IGT30","HT4","exp_18","Intraepithelial T cells in intestine segments","Jabri","13-Oct-22",36602,1162,18,1,1,2,14,1127,3182,1570,410,3704,"IGT30"
"IGT30","HT5","exp_18","Intraepithelial T cells in intestine segments","Jabri","13-Oct-22",36602,1239,21,0,0,3,12,1203,3278,1578,278,3788,"IGT30"
"IGT30","HT6","exp_18","Intraepithelial T cells in intestine segments","Jabri","13-Oct-22",36602,2373,44,0,2,8,35,2284,3185,1575,517,3826,"IGT30"
"IGT30","HT7","exp_18","Intraepithelial T cells in intestine segments","Jabri","13-Oct-22",36602,1836,31,0,7,9,20,1769,3450,1668,679,4013,"IGT30"
"IGT30","HT8","exp_18","Intraepithelial T cells in intestine segments","Jabri","13-Oct-22",36602,711,11,0,2,1,9,688,3363,1642,470,3624,"IGT30"
"IGT30","HT9","exp_18","Intraepithelial T cells in intestine segments","Jabri","13-Oct-22",36602,774,11,0,2,0,6,755,3228,1597,531,3193,"IGT30"
"IGT31","HT10","exp_19","Small intestine T cells in celiac disease","Jabri","18-Oct-22",0,1480,20,0,0,1,20,1439,1109,688,990,3946,"IGT31"
"IGT31","HT2","exp_19","Small intestine T cells in celiac disease","Jabri","18-Oct-22",0,1645,12,0,0,0,24,1609,1492,863,1482,3752,"IGT31"
"IGT31","HT3","exp_19","Small intestine T cells in celiac disease","Jabri","18-Oct-22",0,1658,13,0,0,1,14,1630,1401,820,1035,4045,"IGT31"
"IGT31","HT4","exp_19","Small intestine T cells in celiac disease","Jabri","18-Oct-22",0,1718,12,0,0,1,24,1681,1518,879,963,4171,"IGT31"
"IGT31","HT5","exp_19","Small intestine T cells in celiac disease","Jabri","18-Oct-22",0,1650,9,0,1,0,17,1623,1348,808,1042,3927,"IGT31"
"IGT31","HT6","exp_19","Small intestine T cells in celiac disease","Jabri","18-Oct-22",0,1597,14,0,0,1,35,1547,1465,841,844,4146,"IGT31"
"IGT31","HT7","exp_19","Small intestine T cells in celiac disease","Jabri","18-Oct-22",0,1724,11,0,0,0,27,1686,1472,853,1288,4078,"IGT31"
"IGT31","HT8","exp_19","Small intestine T cells in celiac disease","Jabri","18-Oct-22",0,1665,16,0,0,2,31,1616,1320,794,877,3740,"IGT31"
"IGT31","HT9","exp_19","Small intestine T cells in celiac disease","Jabri","18-Oct-22",0,1742,2,0,0,0,15,1725,1413,840,998,3978,"IGT31"
"IGT32","HT1","exp_24","T cells in DSS colitis and colon resident T cells by photoconversion","Immgen Core","15-Nov-22",0,1119,14,1,0,56,28,1021,3106,1334,935,3222,"IGT32"
"IGT32","HT2","exp_24","T cells in DSS colitis and colon resident T cells by photoconversion","Immgen Core","15-Nov-22",0,1272,19,0,1,81,41,1130,4123,1599,2157,3440,"IGT32"
"IGT32","HT3","exp_24","T cells in DSS colitis and colon resident T cells by photoconversion","Immgen Core","15-Nov-22",0,618,17,2,0,81,45,475,3425,1416,1094,3166,"IGT32"
"IGT32","HT4","exp_24","T cells in DSS colitis and colon resident T cells by photoconversion","Immgen Core","15-Nov-22",0,1117,20,1,0,92,31,974,3486,1426,1128,3393,"IGT32"
"IGT32","HT5","exp_24","T cells in DSS colitis and colon resident T cells by photoconversion","Immgen Core","15-Nov-22",0,194,8,0,0,15,36,135,3011,1296,1266,3439,"IGT32"
"IGT32","HT6","exp_24","T cells in DSS colitis and colon resident T cells by photoconversion","Immgen Core","15-Nov-22",0,599,10,0,0,47,240,302,2863,1276,1215,3536,"IGT32"
"IGT32","HT7","exp_24","T cells in DSS colitis and colon resident T cells by photoconversion","Immgen Core","15-Nov-22",0,889,20,0,0,81,257,531,2811,1190,1109,3586,"IGT32"
"IGT33","HT10","exp_25","T cells in the uterus during C. trachomatis infections (D and L2)","Starnbach","22-Nov-22",0,652,6,0,2,17,118,509,1219,672,449,2318,"IGT33"
"IGT33","HT2","exp_25","T cells in the uterus during C. trachomatis infections (D and L2)","Starnbach","22-Nov-22",0,410,0,0,1,16,118,275,1932,911,744,1904,"IGT33"
"IGT33","HT3","exp_25","T cells in the uterus during C. trachomatis infections (D and L2)","Starnbach","22-Nov-22",0,545,4,0,0,14,170,357,1335,722,383,1782,"IGT33"
"IGT33","HT4","exp_25","T cells in the uterus during C. trachomatis infections (D and L2)","Starnbach","22-Nov-22",0,2371,11,0,4,157,502,1697,2458,1116,529,2192,"IGT33"
"IGT33","HT5","exp_25","T cells in the uterus during C. trachomatis infections (D and L2)","Starnbach","22-Nov-22",0,2174,11,1,5,71,214,1873,1974,956,605,2437,"IGT33"
"IGT33","HT6","exp_25","T cells in the uterus during C. trachomatis infections (D and L2)","Starnbach","22-Nov-22",0,1959,3,0,1,72,202,1681,1598,832,318,2713,"IGT33"
"IGT33","HT7","exp_25","T cells in the uterus during C. trachomatis infections (D and L2)","Starnbach","22-Nov-22",0,1766,12,0,7,47,239,1461,1833,915,576,2362,"IGT33"
"IGT33","HT8","exp_25","T cells in the uterus during C. trachomatis infections (D and L2)","Starnbach","22-Nov-22",0,2075,2,0,5,68,322,1678,2423,1109,597,2122,"IGT33"
"IGT33","HT9","exp_25","T cells in the uterus during C. trachomatis infections (D and L2)","Starnbach","22-Nov-22",0,1175,4,0,4,42,238,887,1407,754,557,1863,"IGT33"
"IGT35","HT2","exp_27","T cells in B16.gp33 melanoma with adoptive cell therapy and checkpoint blockade","Goldrath","16-Dec-22",0,7108,57,2,5,49,203,6794,4262,1727,1369,2664,"IGT35"
"IGT35","HT3","exp_27","T cells in B16.gp33 melanoma with adoptive cell therapy and checkpoint blockade","Goldrath","16-Dec-22",0,5866,44,0,1,19,92,5710,2819,1297,420,2255,"IGT35"
"IGT35","HT4","exp_27","T cells in B16.gp33 melanoma with adoptive cell therapy and checkpoint blockade","Goldrath","16-Dec-22",0,989,14,1,0,6,25,944,4493,1801,963,2518,"IGT35"
"IGT35","HT5","exp_27","T cells in B16.gp33 melanoma with adoptive cell therapy and checkpoint blockade","Goldrath","16-Dec-22",0,5225,61,1,0,19,206,4938,5165,1885,246,2675,"IGT35"
"IGT36","HT10","exp_28","Pan organ and time course analysis of T cells in acute LCMV (armstrong) infection (day 7)","Goldrath","19-Dec-22",0,803,0,0,4,3,15,781,8356,2802,1917,2174,"IGT36"
"IGT36","HT2","exp_28","Pan organ and time course analysis of T cells in acute LCMV (armstrong) infection (day 7)","Goldrath","19-Dec-22",0,2377,1,0,29,8,13,2326,6806,2465,1254,1848,"IGT36"
"IGT36","HT3","exp_28","Pan organ and time course analysis of T cells in acute LCMV (armstrong) infection (day 7)","Goldrath","19-Dec-22",0,364,1,0,0,2,3,358,8533,2768,1681,2384,"IGT36"
"IGT36","HT4","exp_28","Pan organ and time course analysis of T cells in acute LCMV (armstrong) infection (day 7)","Goldrath","19-Dec-22",0,106,0,0,2,1,1,102,7945,2761,1393,2672,"IGT36"
"IGT36","HT5","exp_28","Pan organ and time course analysis of T cells in acute LCMV (armstrong) infection (day 7)","Goldrath","19-Dec-22",0,1302,0,0,5,11,25,1261,6998,2555,941,2725,"IGT36"
"IGT36","HT6","exp_28","Pan organ and time course analysis of T cells in acute LCMV (armstrong) infection (day 7)","Goldrath","19-Dec-22",0,2776,0,0,29,8,8,2731,5302,2053,798,1791,"IGT36"
"IGT36","HT7","exp_28","Pan organ and time course analysis of T cells in acute LCMV (armstrong) infection (day 7)","Goldrath","19-Dec-22",0,2636,0,0,15,4,21,2596,7307,2652,1658,2123,"IGT36"
"IGT36","HT8","exp_28","Pan organ and time course analysis of T cells in acute LCMV (armstrong) infection (day 7)","Goldrath","19-Dec-22",0,2441,0,0,8,4,15,2414,6976,2582,1238,2000,"IGT36"
"IGT36","HT9","exp_28","Pan organ and time course analysis of T cells in acute LCMV (armstrong) infection (day 7)","Goldrath","19-Dec-22",0,2963,0,0,4,14,5,2940,8021,2704,1311,2007,"IGT36"
"IGT37","HT1","exp_29","Colon and small intestine (lamina propria) T cells in pregnancy","Huh","10-Jan-23",50000,1619,22,0,0,42,60,1495,4020,1658,541,2909,"IGT37"
"IGT37","HT10","exp_29","Colon and small intestine (lamina propria) T cells in pregnancy","Huh","10-Jan-23",50000,207,3,0,0,6,5,193,4016,1619,345,3030,"IGT37"
"IGT37","HT2","exp_29","Colon and small intestine (lamina propria) T cells in pregnancy","Huh","10-Jan-23",50000,2020,33,1,2,65,74,1846,3996,1642,1232,2948,"IGT37"
"IGT37","HT3","exp_29","Colon and small intestine (lamina propria) T cells in pregnancy","Huh","10-Jan-23",50000,250,7,0,0,11,10,222,4821,1862,76,3901,"IGT37"
"IGT37","HT4","exp_29","Colon and small intestine (lamina propria) T cells in pregnancy","Huh","10-Jan-23",50000,1349,24,1,1,38,35,1251,3890,1627,437,2767,"IGT37"
"IGT37","HT5","exp_29","Colon and small intestine (lamina propria) T cells in pregnancy","Huh","10-Jan-23",50000,1847,35,0,1,88,94,1629,4232,1720,640,3251,"IGT37"
"IGT37","HT6","exp_29","Colon and small intestine (lamina propria) T cells in pregnancy","Huh","10-Jan-23",50000,1653,16,0,1,51,71,1514,4271,1713,645,2989,"IGT37"
"IGT37","HT7","exp_29","Colon and small intestine (lamina propria) T cells in pregnancy","Huh","10-Jan-23",50000,1621,34,2,0,65,46,1476,4147,1664,443,3383,"IGT37"
"IGT37","HT8","exp_29","Colon and small intestine (lamina propria) T cells in pregnancy","Huh","10-Jan-23",50000,1068,16,0,0,47,22,983,4447,1752,145,3773,"IGT37"
"IGT37","HT9","exp_29","Colon and small intestine (lamina propria) T cells in pregnancy","Huh","10-Jan-23",50000,1718,28,0,0,44,29,1617,4487,1766,51,3564,"IGT37"
"IGT38","HT10","exp_32","Pan organ and time course analysis of T cells in acute LCMV (armstrong day 30)","Goldrath","11-Jan-23",0,2873,47,0,3,30,19,2774,2531,1208,1314,2043,"IGT38"
"IGT38","HT2","exp_32","Pan organ and time course analysis of T cells in acute LCMV (armstrong day 30)","Goldrath","11-Jan-23",0,1903,13,0,1,19,25,1845,2469,1188,1396,2101,"IGT38"
"IGT38","HT3","exp_32","Pan organ and time course analysis of T cells in acute LCMV (armstrong day 30)","Goldrath","11-Jan-23",0,799,18,0,2,30,7,742,2440,1248,706,2086,"IGT38"
"IGT38","HT4","exp_32","Pan organ and time course analysis of T cells in acute LCMV (armstrong day 30)","Goldrath","11-Jan-23",0,1641,27,0,1,128,11,1474,2775,1338,1714,2729,"IGT38"
"IGT38","HT5","exp_32","Pan organ and time course analysis of T cells in acute LCMV (armstrong day 30)","Goldrath","11-Jan-23",0,1712,23,0,1,82,23,1583,2573,1232,392,2852,"IGT38"
"IGT38","HT6","exp_32","Pan organ and time course analysis of T cells in acute LCMV (armstrong day 30)","Goldrath","11-Jan-23",0,3800,49,1,7,28,32,3684,2816,1292,519,2076,"IGT38"
"IGT38","HT7","exp_32","Pan organ and time course analysis of T cells in acute LCMV (armstrong day 30)","Goldrath","11-Jan-23",0,2010,19,0,9,13,13,1956,3105,1563,1378,1938,"IGT38"
"IGT38","HT8","exp_32","Pan organ and time course analysis of T cells in acute LCMV (armstrong day 30)","Goldrath","11-Jan-23",0,2247,19,0,7,17,15,2189,3085,1521,780,2032,"IGT38"
"IGT38","HT9","exp_32","Pan organ and time course analysis of T cells in acute LCMV (armstrong day 30)","Goldrath","11-Jan-23",0,11,0,0,0,0,0,11,2668,1283,1398,2270,"IGT38"
"IGT39","HT1","exp_30","Spleen and placenta T cells in pregnancy and post partum","Huh","24-Jan-23",0,263,3,0,0,19,9,232,3997,1578,1022,5478,"IGT39"
"IGT39","HT10","exp_30","Spleen and placenta T cells in pregnancy and post partum","Huh","24-Jan-23",0,793,1,0,0,37,21,734,4282,1648,1145,4878,"IGT39"
"IGT39","HT2","exp_30","Spleen and placenta T cells in pregnancy and post partum","Huh","24-Jan-23",0,569,0,0,0,34,24,511,4529,1666,1718,5365,"IGT39"
"IGT39","HT3","exp_30","Spleen and placenta T cells in pregnancy and post partum","Huh","24-Jan-23",0,1288,11,0,0,85,42,1150,4310,1618,949,5384,"IGT39"
"IGT39","HT4","exp_30","Spleen and placenta T cells in pregnancy and post partum","Huh","24-Jan-23",0,302,3,0,0,15,14,270,3914,1553,1124,5473,"IGT39"
"IGT39","HT5","exp_30","Spleen and placenta T cells in pregnancy and post partum","Huh","24-Jan-23",0,1010,4,0,0,112,25,869,4587,1745,1120,5779,"IGT39"
"IGT39","HT6","exp_30","Spleen and placenta T cells in pregnancy and post partum","Huh","24-Jan-23",0,1375,4,0,0,49,60,1262,3890,1517,706,4865,"IGT39"
"IGT39","HT7","exp_30","Spleen and placenta T cells in pregnancy and post partum","Huh","24-Jan-23",0,764,0,0,0,26,16,722,4002,1585,1263,4693,"IGT39"
"IGT39","HT8","exp_30","Spleen and placenta T cells in pregnancy and post partum","Huh","24-Jan-23",0,736,1,0,0,28,19,688,4150,1622,1073,4899,"IGT39"
"IGT39","HT9","exp_30","Spleen and placenta T cells in pregnancy and post partum","Huh","24-Jan-23",0,812,2,0,0,34,22,754,3929,1549,887,4618,"IGT39"
"IGT40","HT1","exp_33","Pan organ and time course analysis of T cells in acute LCMV (armstrong day 60)","Goldrath","10-Feb-23",0,1648,25,0,0,26,34,1563,1193,714,1170,2970,"IGT40"
"IGT40","HT10","exp_33","Pan organ and time course analysis of T cells in acute LCMV (armstrong day 60)","Goldrath","10-Feb-23",0,2990,32,0,0,51,91,2816,1198,699,1854,2759,"IGT40"
"IGT40","HT2","exp_33","Pan organ and time course analysis of T cells in acute LCMV (armstrong day 60)","Goldrath","10-Feb-23",0,3258,50,0,0,47,82,3079,1141,665,1529,2890,"IGT40"
"IGT40","HT3","exp_33","Pan organ and time course analysis of T cells in acute LCMV (armstrong day 60)","Goldrath","10-Feb-23",0,782,14,0,1,11,15,741,1227,741,1376,3217,"IGT40"
"IGT40","HT4","exp_33","Pan organ and time course analysis of T cells in acute LCMV (armstrong day 60)","Goldrath","10-Feb-23",0,1118,5,0,0,21,23,1069,1354,794,1745,3854,"IGT40"
"IGT40","HT5","exp_33","Pan organ and time course analysis of T cells in acute LCMV (armstrong day 60)","Goldrath","10-Feb-23",0,2183,35,0,0,73,71,2004,1289,742,864,4087,"IGT40"
"IGT40","HT6","exp_33","Pan organ and time course analysis of T cells in acute LCMV (armstrong day 60)","Goldrath","10-Feb-23",0,2515,26,0,0,33,58,2398,1302,732,635,3340,"IGT40"
"IGT40","HT7","exp_33","Pan organ and time course analysis of T cells in acute LCMV (armstrong day 60)","Goldrath","10-Feb-23",0,2341,19,0,0,19,30,2273,1350,834,2256,2798,"IGT40"
"IGT40","HT8","exp_33","Pan organ and time course analysis of T cells in acute LCMV (armstrong day 60)","Goldrath","10-Feb-23",0,2233,18,0,0,13,43,2159,1346,815,1181,2790,"IGT40"
"IGT40","HT9","exp_33","Pan organ and time course analysis of T cells in acute LCMV (armstrong day 60)","Goldrath","10-Feb-23",0,38,0,0,1,0,2,35,1112,677,1510,2952,"IGT40"
"IGT43","HT2","exp_34","Time course of CD4 T cells in L monocytogenes infection, secondary lymphoid organs","Jenkins","06-Mar-23",11000,330,5,0,0,19,14,292,5719,2047,238,3558,"IGT43"
"IGT43","HT3","exp_34","Time course of CD4 T cells in L monocytogenes infection, secondary lymphoid organs","Jenkins","06-Mar-23",11000,229,3,0,1,15,13,197,4388,1747,348,3182,"IGT43"
"IGT43","HT4","exp_34","Time course of CD4 T cells in L monocytogenes infection, secondary lymphoid organs","Jenkins","06-Mar-23",11000,188,2,0,0,15,11,160,4223,1693,62,3314,"IGT43"
"IGT43","HT5","exp_34","Time course of CD4 T cells in L monocytogenes infection, secondary lymphoid organs","Jenkins","06-Mar-23",11000,190,2,0,0,15,12,161,4290,1673,296,3811,"IGT43"
"IGT43","HT6","exp_34","Time course of CD4 T cells in L monocytogenes infection, secondary lymphoid organs","Jenkins","06-Mar-23",11000,84,2,0,0,8,11,63,4332,1684,197,4487,"IGT43"
"IGT43","HT7","exp_34","Time course of CD4 T cells in L monocytogenes infection, secondary lymphoid organs","Jenkins","06-Mar-23",11000,101,1,0,0,8,11,81,4112,1651,80,4266,"IGT43"
"IGT43","HT8","exp_34","Time course of CD4 T cells in L monocytogenes infection, secondary lymphoid organs","Jenkins","06-Mar-23",11000,113,1,0,0,9,5,98,4301,1693,181,4025,"IGT43"
"IGT43","HT9","exp_34","Time course of CD4 T cells in L monocytogenes infection, secondary lymphoid organs","Jenkins","06-Mar-23",11000,73,0,0,0,7,11,55,4625,1813,166,4348,"IGT43"
"IGT44","HT10","exp_35","Splenic T cells in dirty mice (cohoused with pet store mice)","Jameson","07-Mar-23",50000,1648,1,0,0,0,71,1576,1022,587,31,0,"IGT44"
"IGT44","HT12","exp_35","Splenic T cells in dirty mice (cohoused with pet store mice)","Jameson","07-Mar-23",50000,1673,2,0,0,0,92,1579,951,563,51,0,"IGT44"
"IGT44","HT14","exp_35","Splenic T cells in dirty mice (cohoused with pet store mice)","Jameson","07-Mar-23",50000,1484,6,0,0,0,74,1404,1102,614,34,0,"IGT44"
"IGT44","HT15","exp_35","Splenic T cells in dirty mice (cohoused with pet store mice)","Jameson","07-Mar-23",50000,1607,4,0,0,0,80,1523,1078,589,32,0,"IGT44"
"IGT44","HT2","exp_35","Splenic T cells in dirty mice (cohoused with pet store mice)","Jameson","07-Mar-23",50000,2128,7,0,0,0,121,2000,999,575,51,0,"IGT44"
"IGT44","HT3","exp_35","Splenic T cells in dirty mice (cohoused with pet store mice)","Jameson","07-Mar-23",50000,1687,6,0,0,0,96,1585,1215,663,33,0,"IGT44"
"IGT44","HT6","exp_35","Splenic T cells in dirty mice (cohoused with pet store mice)","Jameson","07-Mar-23",50000,1497,5,0,0,0,62,1430,1272,693,28,0,"IGT44"
"IGT44","HT8","exp_35","Splenic T cells in dirty mice (cohoused with pet store mice)","Jameson","07-Mar-23",50000,1403,6,0,0,0,77,1320,1167,640,27,0,"IGT44"
"IGT44","HT9","exp_35","Splenic T cells in dirty mice (cohoused with pet store mice)","Jameson","07-Mar-23",50000,1471,2,0,0,0,136,1333,968,554,23,0,"IGT44"
"IGT45","HT10","exp_36","Splenic T cells in dirty mice in acute LCMV (armstrong) infection","Jameson","08-Mar-23",50000,1076,1,0,0,0,54,1021,2707,1199,259,0,"IGT45"
"IGT45","HT12","exp_36","Splenic T cells in dirty mice in acute LCMV (armstrong) infection","Jameson","08-Mar-23",50000,2125,5,0,0,0,114,2006,1197,685,629,0,"IGT45"
"IGT45","HT14","exp_36","Splenic T cells in dirty mice in acute LCMV (armstrong) infection","Jameson","08-Mar-23",50000,2387,15,0,0,0,98,2274,1098,647,335,0,"IGT45"
"IGT45","HT15","exp_36","Splenic T cells in dirty mice in acute LCMV (armstrong) infection","Jameson","08-Mar-23",50000,1834,5,0,0,0,78,1751,1165,667,489,0,"IGT45"
"IGT45","HT2","exp_36","Splenic T cells in dirty mice in acute LCMV (armstrong) infection","Jameson","08-Mar-23",50000,2287,11,0,0,0,114,2162,1248,689,725,0,"IGT45"
"IGT45","HT3","exp_36","Splenic T cells in dirty mice in acute LCMV (armstrong) infection","Jameson","08-Mar-23",50000,1843,4,0,0,0,78,1761,1300,701,445,0,"IGT45"
"IGT45","HT6","exp_36","Splenic T cells in dirty mice in acute LCMV (armstrong) infection","Jameson","08-Mar-23",50000,1910,4,0,0,0,81,1825,1326,712,266,0,"IGT45"
"IGT45","HT8","exp_36","Splenic T cells in dirty mice in acute LCMV (armstrong) infection","Jameson","08-Mar-23",50000,1977,9,0,0,0,58,1910,2600,1175,391,0,"IGT45"
"IGT45","HT9","exp_36","Splenic T cells in dirty mice in acute LCMV (armstrong) infection","Jameson","08-Mar-23",50000,1498,0,0,0,0,39,1459,2574,1178,411,0,"IGT45"
"IGT46","HT1","exp_37","Antigen-experienced and bystander skin resident memory T cells in vaccinia virus infection","Kaplan","14-Mar-23",25000,40,5,0,0,0,1,34,1949,968,556,0,"IGT46"
"IGT46","HT10","exp_37","Antigen-experienced and bystander skin resident memory T cells in vaccinia virus infection","Kaplan","14-Mar-23",25000,2604,41,0,0,0,65,2498,2277,1080,260,0,"IGT46"
"IGT46","HT12","exp_37","Antigen-experienced and bystander skin resident memory T cells in vaccinia virus infection","Kaplan","14-Mar-23",25000,1253,44,0,0,0,44,1165,2891,1276,1521,0,"IGT46"
"IGT46","HT13","exp_37","Antigen-experienced and bystander skin resident memory T cells in vaccinia virus infection","Kaplan","14-Mar-23",25000,118,12,0,0,0,4,102,2120,1007,659,0,"IGT46"
"IGT46","HT14","exp_37","Antigen-experienced and bystander skin resident memory T cells in vaccinia virus infection","Kaplan","14-Mar-23",25000,429,8,0,0,0,16,405,3224,1377,491,0,"IGT46"
"IGT46","HT2","exp_37","Antigen-experienced and bystander skin resident memory T cells in vaccinia virus infection","Kaplan","14-Mar-23",25000,54,8,0,0,0,3,43,1734,885,1145,0,"IGT46"
"IGT46","HT4","exp_37","Antigen-experienced and bystander skin resident memory T cells in vaccinia virus infection","Kaplan","14-Mar-23",25000,863,42,0,0,0,20,801,2780,1252,164,0,"IGT46"
"IGT46","HT6","exp_37","Antigen-experienced and bystander skin resident memory T cells in vaccinia virus infection","Kaplan","14-Mar-23",25000,8,1,0,0,0,1,6,2320,1084,138,0,"IGT46"
"IGT46","HT7","exp_37","Antigen-experienced and bystander skin resident memory T cells in vaccinia virus infection","Kaplan","14-Mar-23",25000,995,32,0,0,0,23,940,2500,1143,228,0,"IGT46"
"IGT46","HT8","exp_37","Antigen-experienced and bystander skin resident memory T cells in vaccinia virus infection","Kaplan","14-Mar-23",25000,652,25,0,0,0,13,614,2781,1234,634,0,"IGT46"
"IGT46","HT9","exp_37","Antigen-experienced and bystander skin resident memory T cells in vaccinia virus infection","Kaplan","14-Mar-23",25000,98,10,0,0,0,2,86,1837,922,538,0,"IGT46"
"IGT47","HT16","exp_41","Lung T cells in long term M tuberculosis infection (20 and 49 weeks)","Behar","30-Mar-23",50000,843,3,0,0,14,9,817,4261,1847,867,4270,"IGT47"
"IGT47","HT2","exp_41","Lung T cells in long term M tuberculosis infection (20 and 49 weeks)","Behar","30-Mar-23",50000,746,9,0,0,14,5,718,4286,1843,1269,4597,"IGT47"
"IGT47","HT3","exp_41","Lung T cells in long term M tuberculosis infection (20 and 49 weeks)","Behar","30-Mar-23",50000,1095,10,0,1,20,16,1048,4693,1932,1064,4310,"IGT47"
"IGT47","HT5","exp_41","Lung T cells in long term M tuberculosis infection (20 and 49 weeks)","Behar","30-Mar-23",50000,850,5,1,0,14,11,820,4610,1894,510,4373,"IGT47"
"IGT47","HT6","exp_41","Lung T cells in long term M tuberculosis infection (20 and 49 weeks)","Behar","30-Mar-23",50000,778,5,0,0,13,8,752,4250,1829,1274,4676,"IGT47"
"IGT47","HT7","exp_41","Lung T cells in long term M tuberculosis infection (20 and 49 weeks)","Behar","30-Mar-23",50000,764,8,1,0,16,11,729,4171,1805,1204,4693,"IGT47"
"IGT47","HT8","exp_41","Lung T cells in long term M tuberculosis infection (20 and 49 weeks)","Behar","30-Mar-23",50000,832,8,0,0,10,12,802,4397,1850,1706,4167,"IGT47"
"IGT47","HT9","exp_41","Lung T cells in long term M tuberculosis infection (20 and 49 weeks)","Behar","30-Mar-23",50000,838,7,0,0,15,10,806,4256,1861,592,4943,"IGT47"
"IGT48","HT10","exp_40","Splenic activated memory T cells in chronic LCMV (clone 13) infection","Kaech","30-Mar-23",50000,2111,11,0,0,50,137,1913,1182,749,1230,4327,"IGT48"
"IGT48","HT2","exp_40","Splenic activated memory T cells in chronic LCMV (clone 13) infection","Kaech","30-Mar-23",50000,1417,7,0,0,122,58,1230,2218,1138,696,5138,"IGT48"
"IGT48","HT3","exp_40","Splenic activated memory T cells in chronic LCMV (clone 13) infection","Kaech","30-Mar-23",50000,1411,4,0,0,134,60,1213,2061,1088,463,5170,"IGT48"
"IGT48","HT4","exp_40","Splenic activated memory T cells in chronic LCMV (clone 13) infection","Kaech","30-Mar-23",50000,1763,17,1,0,140,77,1529,2244,1140,407,5097,"IGT48"
"IGT48","HT5","exp_40","Splenic activated memory T cells in chronic LCMV (clone 13) infection","Kaech","30-Mar-23",50000,2090,9,0,0,75,158,1848,1226,772,1570,4228,"IGT48"
"IGT48","HT6","exp_40","Splenic activated memory T cells in chronic LCMV (clone 13) infection","Kaech","30-Mar-23",50000,1459,2,0,0,54,76,1327,1320,812,1151,4574,"IGT48"
"IGT48","HT7","exp_40","Splenic activated memory T cells in chronic LCMV (clone 13) infection","Kaech","30-Mar-23",50000,1993,3,0,0,84,100,1806,1288,800,1975,4560,"IGT48"
"IGT48","HT8","exp_40","Splenic activated memory T cells in chronic LCMV (clone 13) infection","Kaech","30-Mar-23",50000,1517,13,0,1,56,119,1328,1240,771,1821,4259,"IGT48"
"IGT48","HT9","exp_40","Splenic activated memory T cells in chronic LCMV (clone 13) infection","Kaech","30-Mar-23",50000,2413,12,0,0,79,140,2182,1240,772,540,4845,"IGT48"
"IGT49","HT2","exp_44","Spleen, LN and pancreas T cells in type 1 diabetes (NOD)","Chervonsky","22-May-23",50000,2602,21,0,0,8,91,2482,2465,1169,400,2627,"IGT49"
"IGT49","HT3","exp_44","Spleen, LN and pancreas T cells in type 1 diabetes (NOD)","Chervonsky","22-May-23",50000,2521,27,0,0,6,62,2426,2515,1195,231,2579,"IGT49"
"IGT49","HT4","exp_44","Spleen, LN and pancreas T cells in type 1 diabetes (NOD)","Chervonsky","22-May-23",50000,2437,18,0,0,2,43,2374,2560,1202,266,2601,"IGT49"
"IGT49","HT5","exp_44","Spleen, LN and pancreas T cells in type 1 diabetes (NOD)","Chervonsky","22-May-23",50000,2550,22,0,1,9,31,2487,2442,1160,224,2325,"IGT49"
"IGT49","HT6","exp_44","Spleen, LN and pancreas T cells in type 1 diabetes (NOD)","Chervonsky","22-May-23",50000,153,0,0,0,0,5,148,3322,1430,295,2912,"IGT49"
"IGT49","HT7","exp_44","Spleen, LN and pancreas T cells in type 1 diabetes (NOD)","Chervonsky","22-May-23",50000,4997,22,0,0,14,174,4787,2588,1168,428,2406,"IGT49"
"IGT5","HT10","exp_5","Skin T cells from ears and back at baseline","Kang","28-Apr-22",25000,1198,36,0,0,128,45,989,3640,1373,2330,9969,"IGT5"
"IGT5","HT3","exp_5","Skin T cells from ears and back at baseline","Kang","28-Apr-22",25000,633,14,0,0,54,37,528,3300,1411,1425,9622,"IGT5"
"IGT5","HT4","exp_5","Skin T cells from ears and back at baseline","Kang","28-Apr-22",25000,1233,15,0,0,195,33,990,3677,1537,1272,9922,"IGT5"
"IGT5","HT5","exp_5","Skin T cells from ears and back at baseline","Kang","28-Apr-22",25000,1472,18,0,0,152,32,1270,3169,1359,1122,9306,"IGT5"
"IGT5","HT6","exp_5","Skin T cells from ears and back at baseline","Kang","28-Apr-22",25000,526,11,0,0,76,36,403,3173,1376,1943,9445,"IGT5"
"IGT5","HT7","exp_5","Skin T cells from ears and back at baseline","Kang","28-Apr-22",25000,454,16,0,0,41,15,382,2211,994,943,9279,"IGT5"
"IGT5","HT8","exp_5","Skin T cells from ears and back at baseline","Kang","28-Apr-22",25000,897,32,0,0,94,15,756,2604,1084,1766,9366,"IGT5"
"IGT5","HT9","exp_5","Skin T cells from ears and back at baseline","Kang","28-Apr-22",25000,1349,74,0,0,235,133,907,3011,1246,2496,9584,"IGT5"
"IGT50","HT1","exp_42","Extravascular and intravascular skin T cells in acute (armstrong) LCMV infection","von Andrian","09-Jun-23",8000,636,3,0,0,1,18,614,3657,1422,370,4598,"IGT50"
"IGT50","HT2","exp_42","Extravascular and intravascular skin T cells in acute (armstrong) LCMV infection","von Andrian","09-Jun-23",8000,675,8,0,0,2,26,639,3159,1211,773,4572,"IGT50"
"IGT50","HT4","exp_42","Extravascular and intravascular skin T cells in acute (armstrong) LCMV infection","von Andrian","09-Jun-23",8000,414,8,0,0,7,21,378,3633,1400,1541,4857,"IGT50"
"IGT50","HT5","exp_42","Extravascular and intravascular skin T cells in acute (armstrong) LCMV infection","von Andrian","09-Jun-23",8000,91,4,0,0,0,6,81,3511,1366,75,5823,"IGT50"
"IGT50","HT6","exp_42","Extravascular and intravascular skin T cells in acute (armstrong) LCMV infection","von Andrian","09-Jun-23",8000,1,0,0,0,0,0,1,2027,1039,1411,2613,"IGT50"
"IGT50","HT7","exp_42","Extravascular and intravascular skin T cells in acute (armstrong) LCMV infection","von Andrian","09-Jun-23",8000,11,0,0,1,0,0,10,2419,1101,2943,2667,"IGT50"
"IGT51","HT1","exp_42","Extravascular and intravascular skin T cells in acute (armstrong) LCMV infection","von Andrian","09-Jun-23",10000,1144,211,0,0,66,9,858,2402,757,275,4003,"IGT51"
"IGT51","HT2","exp_42","Extravascular and intravascular skin T cells in acute (armstrong) LCMV infection","von Andrian","09-Jun-23",10000,396,132,0,1,24,9,230,2243,721,520,3678,"IGT51"
"IGT51","HT4","exp_42","Extravascular and intravascular skin T cells in acute (armstrong) LCMV infection","von Andrian","09-Jun-23",10000,1084,231,0,0,87,15,751,2509,770,1156,3892,"IGT51"
"IGT51","HT5","exp_42","Extravascular and intravascular skin T cells in acute (armstrong) LCMV infection","von Andrian","09-Jun-23",10000,307,61,0,0,16,5,225,2335,753,38,3392,"IGT51"
"IGT51","HT7","exp_42","Extravascular and intravascular skin T cells in acute (armstrong) LCMV infection","von Andrian","09-Jun-23",10000,8,1,0,0,0,2,5,2182,655,3299,2732,"IGT51"
"IGT51","HT8","exp_42","Extravascular and intravascular skin T cells in acute (armstrong) LCMV infection","von Andrian","09-Jun-23",10000,115,101,0,0,3,7,4,2468,668,1046,4546,"IGT51"
"IGT52","HT12","exp_43","Lung T cells in house dust mite allergy model","Pepper","22-Jun-23",17000,2054,1,0,2,209,378,1464,3355,1502,8002,6327,"IGT52"
"IGT52","HT2","exp_43","Lung T cells in house dust mite allergy model","Pepper","22-Jun-23",17000,9,0,0,0,1,1,7,4086,1875,2749,6261,"IGT52"
"IGT52","HT3","exp_43","Lung T cells in house dust mite allergy model","Pepper","22-Jun-23",17000,17,0,0,0,5,5,7,9741,2901,3784,9352,"IGT52"
"IGT52","HT4","exp_43","Lung T cells in house dust mite allergy model","Pepper","22-Jun-23",17000,3,0,0,0,0,2,1,8061,2926,2664,7550,"IGT52"
"IGT52","HT6","exp_43","Lung T cells in house dust mite allergy model","Pepper","22-Jun-23",17000,285,1,0,0,32,14,238,3315,1599,971,6705,"IGT52"
"IGT52","HT8","exp_43","Lung T cells in house dust mite allergy model","Pepper","22-Jun-23",17000,258,0,0,0,19,10,229,3131,1442,2813,5748,"IGT52"
"IGT52","HT9","exp_43","Lung T cells in house dust mite allergy model","Pepper","22-Jun-23",17000,1,0,0,0,0,0,1,2103,1146,3588,6231,"IGT52"
"IGT54","HT11","exp_45","Skin T cells in M. furfur and S. aureus infections","Kang","25-Jul-23",50000,87,0,0,0,15,1,71,5262,1799,202,9196,"IGT54"
"IGT54","HT12","exp_45","Skin T cells in M. furfur and S. aureus infections","Kang","25-Jul-23",50000,65,0,0,0,9,6,56,5890,1991,534,9043,"IGT54"
"IGT54","HT15","exp_45","Skin T cells in M. furfur and S. aureus infections","Kang","25-Jul-23",50000,17,0,0,0,4,1,7,3482,1459,20,7941,"IGT54"
"IGT54","HT16","exp_45","Skin T cells in M. furfur and S. aureus infections","Kang","25-Jul-23",50000,84,1,0,0,16,8,66,3699,1472,957,8184,"IGT54"
"IGT54","HT2","exp_45","Skin T cells in M. furfur and S. aureus infections","Kang","25-Jul-23",50000,16,1,0,0,5,2,2,10094,2712,60,13548,"IGT54"
"IGT54","HT3","exp_45","Skin T cells in M. furfur and S. aureus infections","Kang","25-Jul-23",50000,51,3,0,0,24,1,22,3829,1531,548,10374,"IGT54"
"IGT54","HT4","exp_45","Skin T cells in M. furfur and S. aureus infections","Kang","25-Jul-23",50000,97,0,0,0,53,2,44,3670,1488,570,9088,"IGT54"
"IGT54","HT5","exp_45","Skin T cells in M. furfur and S. aureus infections","Kang","25-Jul-23",50000,91,2,0,0,15,2,74,5712,1978,673,8977,"IGT54"
"IGT54","HT6","exp_45","Skin T cells in M. furfur and S. aureus infections","Kang","25-Jul-23",50000,149,3,0,0,51,0,94,5310,1994,292,9639,"IGT54"
"IGT54","HT7","exp_45","Skin T cells in M. furfur and S. aureus infections","Kang","25-Jul-23",50000,67,1,0,0,41,0,23,5582,2020,235,12017,"IGT54"
"IGT54","HT8","exp_45","Skin T cells in M. furfur and S. aureus infections","Kang","25-Jul-23",50000,53,1,0,0,22,0,28,3839,1472,355,9350,"IGT54"
"IGT54","HT9","exp_45","Skin T cells in M. furfur and S. aureus infections","Kang","25-Jul-23",50000,78,1,0,0,6,0,71,3787,1468,648,8135,"IGT54"
"IGT55","HT13","exp_46","CNS gut and LN T cells in experimental autoimmune encephalomyelitis (EAE)","Kuchroo","01-Aug-23",0,69,0,0,0,54,13,2,5063,1784,2180,3722,"IGT55"
"IGT55","HT15","exp_46","CNS gut and LN T cells in experimental autoimmune encephalomyelitis (EAE)","Kuchroo","01-Aug-23",0,99,0,0,0,14,5,85,6008,2040,1255,4494,"IGT55"
"IGT55","HT17","exp_46","CNS gut and LN T cells in experimental autoimmune encephalomyelitis (EAE)","Kuchroo","01-Aug-23",0,64,0,0,0,13,3,46,5702,2203,700,5327,"IGT55"
"IGT55","HT4","exp_46","CNS gut and LN T cells in experimental autoimmune encephalomyelitis (EAE)","Kuchroo","01-Aug-23",0,141,2,0,0,7,11,129,5286,2119,640,4196,"IGT55"
"IGT55","HT5","exp_46","CNS gut and LN T cells in experimental autoimmune encephalomyelitis (EAE)","Kuchroo","01-Aug-23",0,78,1,0,0,61,1,5,5438,1993,2025,2870,"IGT55"
"IGT55","HT6","exp_46","CNS gut and LN T cells in experimental autoimmune encephalomyelitis (EAE)","Kuchroo","01-Aug-23",0,224,1,0,0,24,3,198,5796,1947,726,3886,"IGT55"
"IGT55","HT7","exp_46","CNS gut and LN T cells in experimental autoimmune encephalomyelitis (EAE)","Kuchroo","01-Aug-23",0,55,1,0,0,8,0,43,5640,1941,1124,4506,"IGT55"
"IGT55","HT9","exp_46","CNS gut and LN T cells in experimental autoimmune encephalomyelitis (EAE)","Kuchroo","01-Aug-23",0,34,0,0,0,24,0,10,5484,1944,816,2911,"IGT55"
"IGT56","HT11","exp_47","T cells in KbDb KO and KbDbQa1 KO, MCMV infection, spleen, liver and salivary glands","Brossay","03-Aug-23",NA,813,9,0,7,55,18,724,3749,1565,1083,2941,"IGT56"
"IGT56","HT13","exp_47","T cells in KbDb KO and KbDbQa1 KO, MCMV infection, spleen, liver and salivary glands","Brossay","03-Aug-23",NA,823,2,0,9,49,12,751,3650,1545,1580,2831,"IGT56"
"IGT56","HT15","exp_47","T cells in KbDb KO and KbDbQa1 KO, MCMV infection, spleen, liver and salivary glands","Brossay","03-Aug-23",NA,458,2,0,2,22,96,336,4292,1744,1022,2717,"IGT56"
"IGT56","HT16","exp_47","T cells in KbDb KO and KbDbQa1 KO, MCMV infection, spleen, liver and salivary glands","Brossay","03-Aug-23",NA,791,1,0,11,24,284,471,3815,1655,1170,2524,"IGT56"
"IGT56","HT17","exp_47","T cells in KbDb KO and KbDbQa1 KO, MCMV infection, spleen, liver and salivary glands","Brossay","03-Aug-23",NA,304,3,0,5,7,4,285,2825,1378,663,2687,"IGT56"
"IGT56","HT18","exp_47","T cells in KbDb KO and KbDbQa1 KO, MCMV infection, spleen, liver and salivary glands","Brossay","03-Aug-23",NA,754,8,0,8,35,8,695,3073,1443,661,2741,"IGT56"
"IGT56","HT2","exp_47","T cells in KbDb KO and KbDbQa1 KO, MCMV infection, spleen, liver and salivary glands","Brossay","03-Aug-23",NA,618,9,0,4,30,438,137,3164,1375,2580,2832,"IGT56"
"IGT56","HT3","exp_47","T cells in KbDb KO and KbDbQa1 KO, MCMV infection, spleen, liver and salivary glands","Brossay","03-Aug-23",NA,880,10,0,0,51,196,623,3900,1597,959,3148,"IGT56"
"IGT56","HT4","exp_47","T cells in KbDb KO and KbDbQa1 KO, MCMV infection, spleen, liver and salivary glands","Brossay","03-Aug-23",NA,704,7,0,1,37,279,380,3374,1490,1049,2906,"IGT56"
"IGT56","HT5","exp_47","T cells in KbDb KO and KbDbQa1 KO, MCMV infection, spleen, liver and salivary glands","Brossay","03-Aug-23",NA,669,8,0,2,33,237,389,3222,1440,1118,2841,"IGT56"
"IGT56","HT6","exp_47","T cells in KbDb KO and KbDbQa1 KO, MCMV infection, spleen, liver and salivary glands","Brossay","03-Aug-23",NA,625,9,0,1,50,54,511,3327,1425,768,3037,"IGT56"
"IGT56","HT7","exp_47","T cells in KbDb KO and KbDbQa1 KO, MCMV infection, spleen, liver and salivary glands","Brossay","03-Aug-23",NA,381,1,0,3,12,13,352,3511,1502,1419,2410,"IGT56"
"IGT56","HT9","exp_47","T cells in KbDb KO and KbDbQa1 KO, MCMV infection, spleen, liver and salivary glands","Brossay","03-Aug-23",NA,928,5,0,7,43,27,846,3509,1512,1024,2849,"IGT56"
"IGT58","HT11","exp_49","Positive and Negative Selection of abT cells (OT-I and OT-II) in the thymus","Bosselut","",0,542,5,0,8,259,16,254,3170,1503,792,4042,"IGT58"
"IGT58","HT13","exp_49","Positive and Negative Selection of abT cells (OT-I and OT-II) in the thymus","Bosselut","",0,487,2,1,3,276,28,177,3330,1571,775,4385,"IGT58"
"IGT58","HT21","exp_49","Positive and Negative Selection of abT cells (OT-I and OT-II) in the thymus","Bosselut","",0,260,2,0,0,138,12,108,4869,1936,497,3910,"IGT58"
"IGT58","HT3","exp_49","Positive and Negative Selection of abT cells (OT-I and OT-II) in the thymus","Bosselut","",0,674,8,0,3,367,14,282,6600,2337,822,3950,"IGT58"
"IGT58","HT5","exp_49","Positive and Negative Selection of abT cells (OT-I and OT-II) in the thymus","Bosselut","",0,475,6,0,1,252,12,204,6258,2331,790,4726,"IGT58"
"IGT58","HT7","exp_49","Positive and Negative Selection of abT cells (OT-I and OT-II) in the thymus","Bosselut","",0,776,6,1,6,432,26,306,6103,2287,1137,4035,"IGT58"
"IGT59","HT10","exp_50","Spleen and brain T cells in Toxoplasma gondii infection","Bosselut","",0,1158,11,1,0,15,1,1131,3236,1400,1824,4739,"IGT59"
"IGT59","HT11","exp_50","Spleen and brain T cells in Toxoplasma gondii infection","Bosselut","",0,1526,11,0,0,15,5,1495,3483,1438,1583,5015,"IGT59"
"IGT59","HT2","exp_50","Spleen and brain T cells in Toxoplasma gondii infection","Bosselut","",0,47,0,0,0,0,3,47,6301,2022,3587,6754,"IGT59"
"IGT59","HT3","exp_50","Spleen and brain T cells in Toxoplasma gondii infection","Bosselut","",0,585,13,1,0,10,2,559,4725,1630,1349,5400,"IGT59"
"IGT59","HT4","exp_50","Spleen and brain T cells in Toxoplasma gondii infection","Bosselut","",0,203,2,1,0,3,1,196,5044,1678,1613,5743,"IGT59"
"IGT59","HT5","exp_50","Spleen and brain T cells in Toxoplasma gondii infection","Bosselut","",0,53,1,0,0,2,3,49,3285,1465,1492,6771,"IGT59"
"IGT59","HT6","exp_50","Spleen and brain T cells in Toxoplasma gondii infection","Bosselut","",0,609,5,0,0,5,1,596,3479,1509,1422,5243,"IGT59"
"IGT59","HT7","exp_50","Spleen and brain T cells in Toxoplasma gondii infection","Bosselut","",0,743,13,0,0,13,0,716,3445,1465,2554,5479,"IGT59"
"IGT59","HT8","exp_50","Spleen and brain T cells in Toxoplasma gondii infection","Bosselut","",0,44,1,0,0,1,0,42,2992,1356,2271,4336,"IGT59"
"IGT6","HT1","exp_2","Bone marrow thymus blood T cells at baseline","Immgen Core","06-Apr-22",17000,507,1,1,0,3,6,497,4797,1819,762,5015,"IGT6"
"IGT6","HT10","exp_2","Bone marrow thymus blood T cells at baseline","Immgen Core","06-Apr-22",17000,525,1,0,0,8,7,509,5255,1941,1152,5344,"IGT6"
"IGT6","HT2","exp_2","Bone marrow thymus blood T cells at baseline","Immgen Core","06-Apr-22",17000,508,1,0,0,3,4,500,5043,1881,1443,5228,"IGT6"
"IGT6","HT3","exp_2","Bone marrow thymus blood T cells at baseline","Immgen Core","06-Apr-22",17000,562,2,0,0,1,2,557,4838,1844,884,5332,"IGT6"
"IGT6","HT4","exp_2","Bone marrow thymus blood T cells at baseline","Immgen Core","06-Apr-22",17000,468,1,0,0,5,5,457,5158,1918,1243,5805,"IGT6"
"IGT6","HT5","exp_2","Bone marrow thymus blood T cells at baseline","Immgen Core","06-Apr-22",17000,138,3,1,0,1,2,132,4493,1765,770,4596,"IGT6"
"IGT6","HT6","exp_2","Bone marrow thymus blood T cells at baseline","Immgen Core","06-Apr-22",17000,482,1,0,0,3,7,471,4862,1822,853,5227,"IGT6"
"IGT6","HT7","exp_2","Bone marrow thymus blood T cells at baseline","Immgen Core","06-Apr-22",17000,224,2,0,0,4,2,216,5550,2145,613,5812,"IGT6"
"IGT6","HT8","exp_2","Bone marrow thymus blood T cells at baseline","Immgen Core","06-Apr-22",17000,513,2,0,0,7,5,499,5282,1930,979,5494,"IGT6"
"IGT6","HT9","exp_2","Bone marrow thymus blood T cells at baseline","Immgen Core","06-Apr-22",17000,504,1,0,0,5,5,493,5006,1898,1177,5411,"IGT6"
"IGT60","HT13","exp_51","Positive and Negative Selection of abT cells (OT-I and OT-II) in the thymus","Bosselut","",0,2468,6,1,0,46,1,2415,6460,2395,741,4222,"IGT60"
"IGT60","HT2","exp_51","Positive and Negative Selection of abT cells (OT-I and OT-II) in the thymus","Bosselut","",0,2413,13,4,0,46,3,2353,6059,2288,1832,4908,"IGT60"
"IGT60","HT3","exp_51","Positive and Negative Selection of abT cells (OT-I and OT-II) in the thymus","Bosselut","",0,2925,19,5,0,48,1,2858,5836,2252,529,4740,"IGT60"
"IGT60","HT5","exp_51","Positive and Negative Selection of abT cells (OT-I and OT-II) in the thymus","Bosselut","",0,927,9,0,0,10,0,905,3052,1522,410,4318,"IGT60"
"IGT60","HT6","exp_51","Positive and Negative Selection of abT cells (OT-I and OT-II) in the thymus","Bosselut","",0,911,13,1,0,20,0,878,2903,1469,302,4280,"IGT60"
"IGT60","HT7","exp_51","Positive and Negative Selection of abT cells (OT-I and OT-II) in the thymus","Bosselut","",0,1100,7,0,0,16,0,1076,2790,1405,571,3865,"IGT60"
"IGT61","HT1","exp_57","Lung T cells in early M tuberculosis infection (3 and 6 weeks)","Behar","",0,46,5,0,0,3,25,13,2505,992,143,4574,"IGT61"
"IGT61","HT14","exp_57","Lung T cells in early M tuberculosis infection (3 and 6 weeks)","Behar","",0,141,5,0,1,3,1,131,4210,1464,324,4043,"IGT61"
"IGT61","HT18","exp_57","Lung T cells in early M tuberculosis infection (3 and 6 weeks)","Behar","",0,131,4,1,0,3,3,121,4564,1568,155,3871,"IGT61"
"IGT61","HT22","exp_57","Lung T cells in early M tuberculosis infection (3 and 6 weeks)","Behar","",0,162,12,0,0,8,1,141,3089,1226,232,3784,"IGT61"
"IGT61","HT23","exp_57","Lung T cells in early M tuberculosis infection (3 and 6 weeks)","Behar","",0,101,2,0,1,6,1,92,4516,1559,199,3862,"IGT61"
"IGT61","HT3","exp_57","Lung T cells in early M tuberculosis infection (3 and 6 weeks)","Behar","",0,175,8,0,0,6,3,160,3078,1237,249,3912,"IGT61"
"IGT61","HT4","exp_57","Lung T cells in early M tuberculosis infection (3 and 6 weeks)","Behar","",0,170,13,0,1,6,0,150,3153,1267,170,4237,"IGT61"
"IGT61","HT5","exp_57","Lung T cells in early M tuberculosis infection (3 and 6 weeks)","Behar","",0,178,11,0,0,5,0,159,3377,1312,361,4281,"IGT61"
"IGT61","HT7","exp_57","Lung T cells in early M tuberculosis infection (3 and 6 weeks)","Behar","",0,137,7,0,0,5,0,125,4144,1442,261,3982,"IGT61"
"IGT64","HT2","exp_55","T cells in Pancreatic Ductal Adenocarcinoma with different diets","Kaech","27-Sep-23",50000,1655,8,4,6,250,795,595,5423,1958,1162,2846,"IGT64"
"IGT64","HT3","exp_55","T cells in Pancreatic Ductal Adenocarcinoma with different diets","Kaech","27-Sep-23",50000,1484,8,0,2,160,684,630,5445,2000,816,3122,"IGT64"
"IGT64","HT4","exp_55","T cells in Pancreatic Ductal Adenocarcinoma with different diets","Kaech","27-Sep-23",50000,1699,13,6,0,424,648,612,5753,2018,745,3116,"IGT64"
"IGT64","HT5","exp_55","T cells in Pancreatic Ductal Adenocarcinoma with different diets","Kaech","27-Sep-23",50000,475,8,1,0,173,222,72,6388,2063,599,3615,"IGT64"
"IGT64","HT6","exp_55","T cells in Pancreatic Ductal Adenocarcinoma with different diets","Kaech","27-Sep-23",50000,903,12,3,0,292,447,152,5188,1860,713,3127,"IGT64"
"IGT64","HT7","exp_55","T cells in Pancreatic Ductal Adenocarcinoma with different diets","Kaech","27-Sep-23",50000,65,5,1,0,16,38,6,17742,3164,434,4835,"IGT64"
"IGT65","HT2","exp_56","T cells in Pancreatic Ductal Adenocarcinoma, +/- checkpoint blockade","Kaech","",0,2804,25,5,24,1126,893,733,1606,773,1462,2323,"IGT65"
"IGT65","HT3","exp_56","T cells in Pancreatic Ductal Adenocarcinoma, +/- checkpoint blockade","Kaech","",0,3023,13,0,23,1053,1114,820,1757,867,607,2585,"IGT65"
"IGT65","HT4","exp_56","T cells in Pancreatic Ductal Adenocarcinoma, +/- checkpoint blockade","Kaech","",0,2943,21,3,8,1416,749,746,1607,833,671,2633,"IGT65"
"IGT65","HT5","exp_56","T cells in Pancreatic Ductal Adenocarcinoma, +/- checkpoint blockade","Kaech","",0,3593,39,1,24,1370,1112,1047,1597,830,693,2550,"IGT65"
"IGT66","HT1","exp_52","Lung T cells in early M tuberculosis infection (3 and 6 weeks)","Behar","",0,518,3,0,0,13,302,200,3839,1549,849,4565,"IGT66"
"IGT66","HT2","exp_52","Lung T cells in early M tuberculosis infection (3 and 6 weeks)","Behar","",0,917,25,0,0,25,8,859,3857,1650,686,5501,"IGT66"
"IGT66","HT3","exp_52","Lung T cells in early M tuberculosis infection (3 and 6 weeks)","Behar","",0,722,32,0,0,25,4,661,3846,1631,350,6092,"IGT66"
"IGT66","HT4","exp_52","Lung T cells in early M tuberculosis infection (3 and 6 weeks)","Behar","",0,649,17,0,0,36,2,594,3856,1634,1125,5535,"IGT66"
"IGT66","HT5","exp_52","Lung T cells in early M tuberculosis infection (3 and 6 weeks)","Behar","",0,635,23,0,0,23,6,583,3898,1612,1286,5134,"IGT66"
"IGT66","HT6","exp_52","Lung T cells in early M tuberculosis infection (3 and 6 weeks)","Behar","",0,672,22,0,0,20,9,621,4830,1824,849,5059,"IGT66"
"IGT66","HT7","exp_52","Lung T cells in early M tuberculosis infection (3 and 6 weeks)","Behar","",0,625,24,0,0,27,8,566,4976,1881,1431,5636,"IGT66"
"IGT66","HT8","exp_52","Lung T cells in early M tuberculosis infection (3 and 6 weeks)","Behar","",0,618,20,0,0,21,8,569,4509,1757,2309,5304,"IGT66"
"IGT66","HT9","exp_52","Lung T cells in early M tuberculosis infection (3 and 6 weeks)","Behar","",0,656,24,2,0,16,2,614,4461,1741,1225,5497,"IGT66"
"IGT67","HT10","exp_58","Tissue Tregs","Immgen Core","",0,73,2,0,4,0,1,69,1805,962,609,3418,"IGT67"
"IGT67","HT11","exp_58","Tissue Tregs","Immgen Core","",0,171,1,0,12,2,8,156,1994,976,394,2619,"IGT67"
"IGT67","HT12","exp_58","Tissue Tregs","Immgen Core","",0,3021,25,0,70,15,87,2878,2399,1086,610,3072,"IGT67"
"IGT67","HT14","exp_58","Tissue Tregs","Immgen Core","",0,220,1,0,14,1,3,214,2010,939,176,2251,"IGT67"
"IGT67","HT15","exp_58","Tissue Tregs","Immgen Core","",0,211,3,0,10,2,4,199,1854,882,306,2254,"IGT67"
"IGT67","HT3","exp_58","Tissue Tregs","Immgen Core","",0,1579,9,0,47,13,29,1525,2385,1116,170,3277,"IGT67"
"IGT67","HT4","exp_58","Tissue Tregs","Immgen Core","",0,385,4,0,27,2,22,353,2236,1044,267,2451,"IGT67"
"IGT67","HT5","exp_58","Tissue Tregs","Immgen Core","",0,207,3,0,8,1,7,194,2146,1035,506,2593,"IGT67"
"IGT67","HT6","exp_58","Tissue Tregs","Immgen Core","",0,65,0,0,3,1,4,59,1968,979,217,2276,"IGT67"
"IGT67","HT7","exp_58","Tissue Tregs","Immgen Core","",0,165,0,0,11,3,3,154,2174,1081,659,3349,"IGT67"
"IGT67","HT9","exp_58","Tissue Tregs","Immgen Core","",0,44,0,0,3,0,1,42,1772,903,229,2976,"IGT67"
"IGT68","HT1","exp_59","Skin T cells in M. furfur infection","Kang","08-Feb-24",0,737,6,0,0,3,51,677,3505,1503,55,3651,"IGT68"
"IGT68","HT10","exp_59","Skin T cells in M. furfur infection","Kang","08-Feb-24",0,1313,11,0,1,1,43,1257,3058,1340,123,2406,"IGT68"
"IGT68","HT11","exp_59","Skin T cells in M. furfur infection","Kang","08-Feb-24",0,728,8,0,0,0,68,652,4312,1665,53,3530,"IGT68"
"IGT68","HT12","exp_59","Skin T cells in M. furfur infection","Kang","08-Feb-24",0,1274,16,0,3,2,61,1192,2491,1204,209,2255,"IGT68"
"IGT68","HT15","exp_59","Skin T cells in M. furfur infection","Kang","08-Feb-24",0,1036,22,0,0,2,46,966,3063,1329,70,2996,"IGT68"
"IGT68","HT16","exp_59","Skin T cells in M. furfur infection","Kang","08-Feb-24",0,1400,10,0,1,0,48,1341,2801,1319,110,2292,"IGT68"
"IGT68","HT3","exp_59","Skin T cells in M. furfur infection","Kang","08-Feb-24",0,1440,12,0,2,5,45,1376,2734,1264,100,2302,"IGT68"
"IGT68","HT5","exp_59","Skin T cells in M. furfur infection","Kang","08-Feb-24",0,933,10,0,0,0,28,895,3918,1619,70,3233,"IGT68"
"IGT69","HT2","exp_60","T cells in glioblastoma subtypes (Mesenchymal, Proneural, Classical) with checkpoint blockade","Kaech","12-Feb-24",50000,828,19,0,16,27,756,10,1630,835,851,1530,"IGT69"
"IGT69","HT3","exp_60","T cells in glioblastoma subtypes (Mesenchymal, Proneural, Classical) with checkpoint blockade","Kaech","12-Feb-24",50000,1057,29,0,3,288,674,63,1882,911,359,1988,"IGT69"
"IGT69","HT4","exp_60","T cells in glioblastoma subtypes (Mesenchymal, Proneural, Classical) with checkpoint blockade","Kaech","12-Feb-24",50000,4194,70,1,20,1012,2323,769,1634,860,417,1941,"IGT69"
"IGT69","HT5","exp_60","T cells in glioblastoma subtypes (Mesenchymal, Proneural, Classical) with checkpoint blockade","Kaech","12-Feb-24",50000,116,0,0,2,3,107,4,1372,675,213,1027,"IGT69"
"IGT69","HT6","exp_60","T cells in glioblastoma subtypes (Mesenchymal, Proneural, Classical) with checkpoint blockade","Kaech","12-Feb-24",50000,2007,33,1,9,205,1480,280,1842,929,282,1651,"IGT69"
"IGT69","HT7","exp_60","T cells in glioblastoma subtypes (Mesenchymal, Proneural, Classical) with checkpoint blockade","Kaech","12-Feb-24",50000,954,18,0,16,72,827,21,2296,966,639,1589,"IGT69"
"IGT69","HT8","exp_60","T cells in glioblastoma subtypes (Mesenchymal, Proneural, Classical) with checkpoint blockade","Kaech","12-Feb-24",50000,1289,16,0,18,113,1086,56,1840,893,970,1341,"IGT69"
"IGT7","HT1","exp_7","Pan organ T cell profiling in a single mouse","Immgen Core","26-May-22",50000,3219,1,0,0,0,77,3141,3288,1358,1408,0,"IGT7"
"IGT7","HT2","exp_7","Pan organ T cell profiling in a single mouse","Immgen Core","26-May-22",50000,2610,1,0,0,0,66,2543,3357,1418,2104,0,"IGT7"
"IGT7","HT3","exp_7","Pan organ T cell profiling in a single mouse","Immgen Core","26-May-22",50000,2782,1,0,0,0,159,2622,3818,1535,1371,0,"IGT7"
"IGT7","HT4","exp_7","Pan organ T cell profiling in a single mouse","Immgen Core","26-May-22",50000,2607,1,0,0,0,23,2583,3468,1441,1602,0,"IGT7"
"IGT7","HT6","exp_7","Pan organ T cell profiling in a single mouse","Immgen Core","26-May-22",50000,2860,2,0,0,0,22,2836,3516,1456,1361,0,"IGT7"
"IGT70","HT1","exp_61","Immunized spleen TFH and TFR cells","Nussenzweig","28-Feb-24",50000,2061,26,0,0,27,103,1905,2228,1226,186,1997,"IGT70"
"IGT70","HT10","exp_61","Immunized spleen TFH and TFR cells","Nussenzweig","28-Feb-24",50000,1379,20,1,0,22,92,1244,2828,1397,428,1880,"IGT70"
"IGT70","HT2","exp_61","Immunized spleen TFH and TFR cells","Nussenzweig","28-Feb-24",50000,2307,46,0,0,24,173,2064,2196,1185,807,1916,"IGT70"
"IGT70","HT3","exp_61","Immunized spleen TFH and TFR cells","Nussenzweig","28-Feb-24",50000,1320,14,0,1,8,93,1204,2369,1253,367,1784,"IGT70"
"IGT70","HT4","exp_61","Immunized spleen TFH and TFR cells","Nussenzweig","28-Feb-24",50000,1832,29,2,0,22,121,1660,2713,1346,366,1854,"IGT70"
"IGT70","HT5","exp_61","Immunized spleen TFH and TFR cells","Nussenzweig","28-Feb-24",50000,1203,21,1,0,20,68,1093,2659,1338,568,1898,"IGT70"
"IGT70","HT6","exp_61","Immunized spleen TFH and TFR cells","Nussenzweig","28-Feb-24",50000,1912,54,3,1,25,143,1688,2653,1337,412,1648,"IGT70"
"IGT70","HT7","exp_61","Immunized spleen TFH and TFR cells","Nussenzweig","28-Feb-24",50000,1030,16,0,0,11,59,944,2814,1366,503,1902,"IGT70"
"IGT70","HT8","exp_61","Immunized spleen TFH and TFR cells","Nussenzweig","28-Feb-24",50000,1904,35,5,0,32,123,1711,3265,1524,602,1861,"IGT70"
"IGT70","HT9","exp_61","Immunized spleen TFH and TFR cells","Nussenzweig","28-Feb-24",50000,1065,16,1,0,9,66,973,3095,1481,542,1879,"IGT70"
"IGT73","HT13","exp_63","Antigen-experienced and bystander skin resident memory T cells, vaccinia virus infection","Kaplan","10-Apr-24",0,17,9,0,0,1,1,6,1361,686,7838,14966,"IGT73"
"IGT73","HT20","exp_63","Antigen-experienced and bystander skin resident memory T cells, vaccinia virus infection","Kaplan","10-Apr-24",0,384,15,0,0,15,1,353,2144,909,7230,12699,"IGT73"
"IGT73","HT21","exp_63","Antigen-experienced and bystander skin resident memory T cells, vaccinia virus infection","Kaplan","10-Apr-24",0,9,0,0,0,0,0,9,2249,1027,3323,18655,"IGT73"
"IGT73","HT22","exp_63","Antigen-experienced and bystander skin resident memory T cells, vaccinia virus infection","Kaplan","10-Apr-24",0,388,13,0,0,38,2,335,2125,910,2398,15378,"IGT73"
"IGT73","HT23","exp_63","Antigen-experienced and bystander skin resident memory T cells, vaccinia virus infection","Kaplan","10-Apr-24",0,15,1,0,0,4,0,10,2670,1077,2442,16076,"IGT73"
"IGT73","HT7","exp_63","Antigen-experienced and bystander skin resident memory T cells, vaccinia virus infection","Kaplan","10-Apr-24",0,14,3,0,0,1,0,10,1121,628,6099,10005,"IGT73"
"IGT74","HT10","exp_69","Spleen, colon and lung T cells in Foxp3 mutant mice","Immgen Core","",0,608,1,0,0,2,11,594,1778,885,1047,6834,"IGT74"
"IGT74","HT11","exp_69","Spleen, colon and lung T cells in Foxp3 mutant mice","Immgen Core","",0,624,5,0,0,3,11,605,1893,899,670,7621,"IGT74"
"IGT74","HT12","exp_69","Spleen, colon and lung T cells in Foxp3 mutant mice","Immgen Core","",0,716,6,0,0,4,11,695,1614,783,653,7955,"IGT74"
"IGT74","HT13","exp_69","Spleen, colon and lung T cells in Foxp3 mutant mice","Immgen Core","",0,1147,9,0,0,11,17,1110,1590,750,2503,9504,"IGT74"
"IGT74","HT14","exp_69","Spleen, colon and lung T cells in Foxp3 mutant mice","Immgen Core","",0,1038,5,0,0,4,12,1017,1578,723,1164,9045,"IGT74"
"IGT74","HT15","exp_69","Spleen, colon and lung T cells in Foxp3 mutant mice","Immgen Core","",0,1018,21,0,0,9,15,973,1775,820,1446,9055,"IGT74"
"IGT74","HT16","exp_69","Spleen, colon and lung T cells in Foxp3 mutant mice","Immgen Core","",0,512,7,0,0,3,16,486,1515,759,2795,8146,"IGT74"
"IGT74","HT17","exp_69","Spleen, colon and lung T cells in Foxp3 mutant mice","Immgen Core","",0,206,2,0,0,3,6,195,1630,797,2380,8167,"IGT74"
"IGT74","HT18","exp_69","Spleen, colon and lung T cells in Foxp3 mutant mice","Immgen Core","",0,339,5,1,0,3,17,314,1635,795,2845,8580,"IGT74"
"IGT74","HT2","exp_69","Spleen, colon and lung T cells in Foxp3 mutant mice","Immgen Core","",0,25,0,0,0,0,1,24,2804,1128,1403,6824,"IGT74"
"IGT74","HT3","exp_69","Spleen, colon and lung T cells in Foxp3 mutant mice","Immgen Core","",0,4,0,0,0,0,1,3,2705,1142,313,7874,"IGT74"
"IGT74","HT5","exp_69","Spleen, colon and lung T cells in Foxp3 mutant mice","Immgen Core","",0,6,0,0,0,0,2,4,2648,1046,62,4525,"IGT74"
"IGT74","HT6","exp_69","Spleen, colon and lung T cells in Foxp3 mutant mice","Immgen Core","",0,21,0,0,0,0,5,16,2274,1069,97,6066,"IGT74"
"IGT74","HT7","exp_69","Spleen, colon and lung T cells in Foxp3 mutant mice","Immgen Core","",0,707,1,0,0,4,14,688,1615,807,450,7324,"IGT74"
"IGT74","HT8","exp_69","Spleen, colon and lung T cells in Foxp3 mutant mice","Immgen Core","",0,542,1,0,0,0,11,530,2308,1029,1468,7675,"IGT74"
"IGT74","HT9","exp_69","Spleen, colon and lung T cells in Foxp3 mutant mice","Immgen Core","",0,410,1,0,0,3,10,396,3285,1312,1127,8297,"IGT74"
"IGT75","HT1","exp_66","Small intestine T cells in chronic norovirus infection (CR6), adults and infants","Cadwell","",0,600,27,6,20,0,26,523,3693,1498,1789,10083,"IGT75"
"IGT75","HT10","exp_68","Blood and peritoneal cavity T cells at baseline; Extravascular and intravascular skin T cells, LCMV","Immgen Core","",0,1929,25,14,15,0,149,1727,3399,1362,1016,9585,"IGT75"
"IGT75","HT2","exp_68","Blood and peritoneal cavity T cells at baseline; Extravascular and intravascular skin T cells, LCMV","Immgen Core","",0,1134,36,12,36,0,115,939,4048,1605,3067,10220,"IGT75"
"IGT75","HT21","exp_68","Blood and peritoneal cavity T cells at baseline; Extravascular and intravascular skin T cells, LCMV","Immgen Core","",0,58,5,5,0,0,14,37,4724,1787,1417,9787,"IGT75"
"IGT75","HT22","exp_68","Blood and peritoneal cavity T cells at baseline; Extravascular and intravascular skin T cells, LCMV","Immgen Core","",0,137,6,1,2,0,3,126,4571,1722,1192,9615,"IGT75"
"IGT75","HT3","exp_68","Blood and peritoneal cavity T cells at baseline; Extravascular and intravascular skin T cells, LCMV","Immgen Core","",0,555,10,6,10,0,97,434,3794,1591,1282,10376,"IGT75"
"IGT75","HT6","exp_68","Blood and peritoneal cavity T cells at baseline; Extravascular and intravascular skin T cells, LCMV","Immgen Core","",0,1368,12,8,4,0,44,1303,3535,1432,480,9696,"IGT75"
"IGT75","HT9","exp_68","Blood and peritoneal cavity T cells at baseline; Extravascular and intravascular skin T cells, LCMV","Immgen Core","",0,1966,52,26,30,0,134,1729,3318,1354,1133,9632,"IGT75"
"IGT76","HT1","exp_66","Small intestine T cells in chronic norovirus infection (CR6), adults and infants","Cadwell","",0,331,8,0,0,37,10,276,4560,1701,1798,9251,"IGT76"
"IGT76","HT10","exp_68","Blood and peritoneal cavity T cells at baseline; Extravascular and intravascular skin T cells, LCMV","Immgen Core","",0,1036,14,1,0,58,72,892,3892,1470,965,8779,"IGT76"
"IGT76","HT2","exp_68","Blood and peritoneal cavity T cells at baseline; Extravascular and intravascular skin T cells, LCMV","Immgen Core","",0,566,10,0,2,69,38,447,4609,1731,3077,8900,"IGT76"
"IGT76","HT21","exp_68","Blood and peritoneal cavity T cells at baseline; Extravascular and intravascular skin T cells, LCMV","Immgen Core","",0,1,0,0,0,0,0,1,1949,904,31,8246,"IGT76"
"IGT76","HT3","exp_68","Blood and peritoneal cavity T cells at baseline; Extravascular and intravascular skin T cells, LCMV","Immgen Core","",0,276,6,1,0,42,27,200,4409,1731,1239,9157,"IGT76"
"IGT76","HT6","exp_68","Blood and peritoneal cavity T cells at baseline; Extravascular and intravascular skin T cells, LCMV","Immgen Core","",0,769,14,0,0,64,23,668,4129,1560,422,8664,"IGT76"
"IGT76","HT9","exp_68","Blood and peritoneal cavity T cells at baseline; Extravascular and intravascular skin T cells, LCMV","Immgen Core","",0,1090,19,0,0,74,60,937,3996,1518,1095,8759,"IGT76"
"IGT77","HT1","exp_64","T cells in the uterus during C. trachomatis infections (D and L2)","Starnbach","",0,693,0,0,0,7,9,677,2431,1131,2045,8061,"IGT77"
"IGT77","HT11","exp_64","T cells in the uterus during C. trachomatis infections (D and L2)","Starnbach","",0,776,4,0,0,12,8,752,3684,1421,1396,8342,"IGT77"
"IGT77","HT12","exp_64","T cells in the uterus during C. trachomatis infections (D and L2)","Starnbach","",0,101,0,0,0,4,1,96,2217,1093,3185,7730,"IGT77"
"IGT77","HT13","exp_64","T cells in the uterus during C. trachomatis infections (D and L2)","Starnbach","",0,683,0,0,0,10,10,663,3145,1313,2313,8134,"IGT77"
"IGT77","HT14","exp_64","T cells in the uterus during C. trachomatis infections (D and L2)","Starnbach","",0,631,0,0,0,16,6,609,2198,1061,1077,8938,"IGT77"
"IGT77","HT15","exp_64","T cells in the uterus during C. trachomatis infections (D and L2)","Starnbach","",0,550,1,0,0,12,5,532,2880,1208,978,8883,"IGT77"
"IGT77","HT16","exp_64","T cells in the uterus during C. trachomatis infections (D and L2)","Starnbach","",0,668,1,0,0,11,8,648,3527,1421,1653,8394,"IGT77"
"IGT77","HT17","exp_64","T cells in the uterus during C. trachomatis infections (D and L2)","Starnbach","",0,530,0,0,0,8,6,516,2552,1146,1315,9288,"IGT77"
"IGT77","HT18","exp_64","T cells in the uterus during C. trachomatis infections (D and L2)","Starnbach","",0,529,3,0,0,15,5,506,3428,1378,1370,9460,"IGT77"
"IGT77","HT19","exp_64","T cells in the uterus during C. trachomatis infections (D and L2)","Starnbach","",0,642,3,0,0,18,6,615,3445,1373,3001,8781,"IGT77"
"IGT77","HT2","exp_64","T cells in the uterus during C. trachomatis infections (D and L2)","Starnbach","",0,235,0,0,0,4,3,228,2152,1051,3846,7011,"IGT77"
"IGT77","HT20","exp_64","T cells in the uterus during C. trachomatis infections (D and L2)","Starnbach","",0,695,0,0,0,13,7,675,2494,1139,1851,7846,"IGT77"
"IGT77","HT22","exp_64","T cells in the uterus during C. trachomatis infections (D and L2)","Starnbach","",0,90,0,0,0,3,1,86,2207,1006,618,6832,"IGT77"
"IGT77","HT23","exp_64","T cells in the uterus during C. trachomatis infections (D and L2)","Starnbach","",0,759,0,0,0,4,7,748,2572,1154,1152,7476,"IGT77"
"IGT77","HT24","exp_64","T cells in the uterus during C. trachomatis infections (D and L2)","Starnbach","",0,143,0,0,0,1,2,140,2170,1075,1549,7774,"IGT77"
"IGT77","HT3","exp_64","T cells in the uterus during C. trachomatis infections (D and L2)","Starnbach","",0,785,1,0,0,10,4,770,2689,1150,1088,7764,"IGT77"
"IGT77","HT7","exp_64","T cells in the uterus during C. trachomatis infections (D and L2)","Starnbach","",0,623,0,0,0,13,6,604,3120,1277,2976,8799,"IGT77"
"IGT77","HT9","exp_64","T cells in the uterus during C. trachomatis infections (D and L2)","Starnbach","",0,502,0,0,0,6,2,494,2156,1053,2931,8696,"IGT77"
"IGT78","HT10","exp_65","Colon T cells during T muris infection","Cadwell","",0,246,0,0,0,30,5,211,2268,1089,2320,4290,"IGT78"
"IGT78","HT13","exp_65","Colon T cells during T muris infection","Cadwell","",0,1754,2,0,0,166,18,1568,2424,1090,1295,4320,"IGT78"
"IGT78","HT2","exp_65","Colon T cells during T muris infection","Cadwell","",0,1013,4,0,0,15,79,915,1921,1051,2301,2811,"IGT78"
"IGT78","HT3","exp_65","Colon T cells during T muris infection","Cadwell","",0,1026,3,0,0,26,63,934,2396,1210,602,2943,"IGT78"
"IGT78","HT4","exp_65","Colon T cells during T muris infection","Cadwell","",0,385,1,1,0,8,35,341,1738,986,1509,2899,"IGT78"
"IGT78","HT5","exp_65","Colon T cells during T muris infection","Cadwell","",0,268,1,0,0,4,20,243,1859,1029,661,2747,"IGT78"
"IGT78","HT6","exp_65","Colon T cells during T muris infection","Cadwell","",0,224,1,0,0,1,20,202,1970,1068,832,2390,"IGT78"
"IGT78","HT7","exp_65","Colon T cells during T muris infection","Cadwell","",0,419,0,0,0,68,9,342,2347,1153,2606,4423,"IGT78"
"IGT78","HT8","exp_65","Colon T cells during T muris infection","Cadwell","",0,532,1,0,1,102,10,418,3080,1354,3990,4731,"IGT78"
"IGT78","HT9","exp_65","Colon T cells during T muris infection","Cadwell","",0,797,1,0,0,111,11,674,2433,1148,2877,4515,"IGT78"
"IGT79","HT10","exp_66","Small intestine T cells in chronic norovirus infection (CR6), adults and infants","Cadwell","",0,246,0,0,0,14,1,231,4524,1709,4291,11149,"IGT79"
"IGT79","HT11","exp_66","Small intestine T cells in chronic norovirus infection (CR6), adults and infants","Cadwell","",0,11,0,0,0,1,0,10,3560,1458,5110,16120,"IGT79"
"IGT79","HT13","exp_66","Small intestine T cells in chronic norovirus infection (CR6), adults and infants","Cadwell","",0,378,0,0,0,19,2,357,3997,1578,2068,10960,"IGT79"
"IGT79","HT2","exp_66","Small intestine T cells in chronic norovirus infection (CR6), adults and infants","Cadwell","",0,250,0,0,0,4,2,244,3320,1604,4340,8742,"IGT79"
"IGT79","HT21","exp_66","Small intestine T cells in chronic norovirus infection (CR6), adults and infants","Cadwell","",0,2,0,0,0,0,0,2,4685,1606,1580,8644,"IGT79"
"IGT79","HT3","exp_66","Small intestine T cells in chronic norovirus infection (CR6), adults and infants","Cadwell","",0,44,0,0,0,0,1,43,3640,1668,1316,6579,"IGT79"
"IGT79","HT4","exp_66","Small intestine T cells in chronic norovirus infection (CR6), adults and infants","Cadwell","",0,490,0,0,0,8,2,480,3546,1632,3045,9897,"IGT79"
"IGT79","HT5","exp_66","Small intestine T cells in chronic norovirus infection (CR6), adults and infants","Cadwell","",0,38,0,0,0,6,0,32,3510,1570,2444,14522,"IGT79"
"IGT79","HT6","exp_66","Small intestine T cells in chronic norovirus infection (CR6), adults and infants","Cadwell","",0,655,0,0,0,3,2,650,5594,2152,2329,8726,"IGT79"
"IGT79","HT7","exp_66","Small intestine T cells in chronic norovirus infection (CR6), adults and infants","Cadwell","",0,4,0,0,0,0,0,4,7885,2694,4215,9734,"IGT79"
"IGT79","HT8","exp_66","Small intestine T cells in chronic norovirus infection (CR6), adults and infants","Cadwell","",0,1,0,0,0,0,0,1,3092,1297,4892,6908,"IGT79"
"IGT8","HT3","exp_7","Pan organ T cell profiling in a single mouse","Immgen Core","26-May-22",56856,1732,17,4,0,0,183,1530,3960,1660,1628,0,"IGT8"
"IGT8","HT4","exp_7","Pan organ T cell profiling in a single mouse","Immgen Core","26-May-22",56856,3086,13,3,0,0,268,2802,3481,1452,1641,0,"IGT8"
"IGT8","HT5","exp_7","Pan organ T cell profiling in a single mouse","Immgen Core","26-May-22",56856,2515,13,8,0,0,147,2354,3514,1444,908,0,"IGT8"
"IGT8","HT6","exp_7","Pan organ T cell profiling in a single mouse","Immgen Core","26-May-22",56856,2641,10,5,0,0,228,2399,3830,1552,1115,0,"IGT8"
"IGT8","HT7","exp_7","Pan organ T cell profiling in a single mouse","Immgen Core","26-May-22",56856,1914,26,19,0,0,31,1856,3107,1501,1523,0,"IGT8"
"IGT8","HT8","exp_7","Pan organ T cell profiling in a single mouse","Immgen Core","26-May-22",56856,2257,33,29,0,0,34,2182,3501,1621,1086,0,"IGT8"
"IGT80","HT11","exp_66","Small intestine T cells in chronic norovirus infection (CR6), adults and infants","Cadwell","",0,691,0,0,3,51,4,633,3605,1577,3495,7260,"IGT80"
"IGT80","HT13","exp_66","Small intestine T cells in chronic norovirus infection (CR6), adults and infants","Cadwell","",0,13,0,0,0,4,0,9,2741,1364,2091,8309,"IGT80"
"IGT80","HT2","exp_66","Small intestine T cells in chronic norovirus infection (CR6), adults and infants","Cadwell","",0,422,1,0,0,12,1,408,3202,1572,3460,6109,"IGT80"
"IGT80","HT21","exp_66","Small intestine T cells in chronic norovirus infection (CR6), adults and infants","Cadwell","",0,735,0,0,6,90,4,635,4149,1594,1747,7205,"IGT80"
"IGT80","HT3","exp_66","Small intestine T cells in chronic norovirus infection (CR6), adults and infants","Cadwell","",0,114,0,0,0,2,3,109,2948,1450,1176,4789,"IGT80"
"IGT80","HT4","exp_66","Small intestine T cells in chronic norovirus infection (CR6), adults and infants","Cadwell","",0,76,0,0,0,20,0,56,3180,1509,2588,9050,"IGT80"
"IGT80","HT5","exp_66","Small intestine T cells in chronic norovirus infection (CR6), adults and infants","Cadwell","",0,945,0,0,7,23,4,911,3585,1710,2221,6647,"IGT80"
"IGT80","HT6","exp_66","Small intestine T cells in chronic norovirus infection (CR6), adults and infants","Cadwell","",0,8,0,0,0,0,0,8,4108,1818,1248,4160,"IGT80"
"IGT80","HT7","exp_66","Small intestine T cells in chronic norovirus infection (CR6), adults and infants","Cadwell","",0,1163,0,0,5,14,10,1134,5658,2197,3547,6264,"IGT80"
"IGT80","HT8","exp_66","Small intestine T cells in chronic norovirus infection (CR6), adults and infants","Cadwell","",0,3,0,0,0,0,0,3,2661,1183,3903,5331,"IGT80"
"IGT80","HT9","exp_66","Small intestine T cells in chronic norovirus infection (CR6), adults and infants","Cadwell","",0,1,0,0,0,0,0,1,1456,995,4132,4594,"IGT80"
"IGT81","HT1","exp_67","Lung T cells in house dust mite allergy model","Pepper","",0,33,0,0,0,1,0,32,2063,1099,2936,9571,"IGT81"
"IGT81","HT11","exp_67","Lung T cells in house dust mite allergy model","Pepper","",0,622,0,0,0,33,7,582,2025,950,2686,7239,"IGT81"
"IGT81","HT12","exp_67","Lung T cells in house dust mite allergy model","Pepper","",0,515,0,0,0,25,11,479,2040,941,7292,7784,"IGT81"
"IGT81","HT13","exp_67","Lung T cells in house dust mite allergy model","Pepper","",0,9,0,0,0,0,0,9,4005,1692,778,7369,"IGT81"
"IGT81","HT14","exp_67","Lung T cells in house dust mite allergy model","Pepper","",0,601,1,0,0,67,24,509,2473,1156,731,8434,"IGT81"
"IGT81","HT15","exp_67","Lung T cells in house dust mite allergy model","Pepper","",0,294,0,0,0,37,3,254,2648,1250,1882,8542,"IGT81"
"IGT81","HT16","exp_67","Lung T cells in house dust mite allergy model","Pepper","",0,2,0,0,0,0,0,2,3154,1478,2456,8917,"IGT81"
"IGT81","HT17","exp_67","Lung T cells in house dust mite allergy model","Pepper","",0,885,2,1,0,49,32,802,3051,1266,1895,7851,"IGT81"
"IGT81","HT18","exp_67","Lung T cells in house dust mite allergy model","Pepper","",0,502,1,0,0,32,4,465,2770,1200,930,8651,"IGT81"
"IGT81","HT2","exp_67","Lung T cells in house dust mite allergy model","Pepper","",0,1901,0,0,0,252,51,1598,2051,1046,4780,9365,"IGT81"
"IGT81","HT3","exp_67","Lung T cells in house dust mite allergy model","Pepper","",0,3335,1,0,0,485,17,2832,1953,1027,1286,9176,"IGT81"
"IGT81","HT4","exp_67","Lung T cells in house dust mite allergy model","Pepper","",0,1,0,0,0,0,0,1,2059,1292,2607,7435,"IGT81"
"IGT81","HT5","exp_67","Lung T cells in house dust mite allergy model","Pepper","",0,510,0,0,0,41,4,465,2402,1092,1617,8488,"IGT81"
"IGT81","HT6","exp_67","Lung T cells in house dust mite allergy model","Pepper","",0,634,0,0,0,49,8,577,2505,1127,1740,8355,"IGT81"
"IGT81","HT7","exp_67","Lung T cells in house dust mite allergy model","Pepper","",0,4,0,0,0,1,0,3,1388,789,2315,6881,"IGT81"
"IGT81","HT8","exp_67","Lung T cells in house dust mite allergy model","Pepper","",0,1141,0,0,0,176,26,939,1601,874,5551,8407,"IGT81"
"IGT81","HT9","exp_67","Lung T cells in house dust mite allergy model","Pepper","",0,240,0,0,0,42,11,187,1499,822,5780,7802,"IGT81"
"IGT82","HT13","exp_72","Double Negative Thymocytes","Immgen Core","",0,1984,6,1,0,94,5,1879,7632,2565,1048,8032,"IGT82"
"IGT82","HT15","exp_72","Double Negative Thymocytes","Immgen Core","",0,808,1,1,0,27,4,776,7021,2454,852,7828,"IGT82"
"IGT85","HT10","exp_74","TCR antibody specificity","Immgen Core","07-Jun-24",0,119,8,0,111,0,14,97,2849,1291,1137,1,"IGT85"
"IGT85","HT11","exp_74","TCR antibody specificity","Immgen Core","07-Jun-24",0,500,16,0,484,0,7,477,2915,1262,985,1,"IGT85"
"IGT85","HT12","exp_74","TCR antibody specificity","Immgen Core","07-Jun-24",0,455,18,0,437,0,3,434,2579,1164,2451,0,"IGT85"
"IGT85","HT14","exp_74","TCR antibody specificity","Immgen Core","07-Jun-24",0,388,11,0,377,0,4,373,2672,1206,954,0,"IGT85"
"IGT85","HT15","exp_74","TCR antibody specificity","Immgen Core","07-Jun-24",0,430,13,0,417,0,7,410,2759,1223,742,1,"IGT85"
"IGT85","HT16","exp_74","TCR antibody specificity","Immgen Core","07-Jun-24",0,439,12,0,427,0,9,418,2678,1203,704,1,"IGT85"
"IGT85","HT17","exp_74","TCR antibody specificity","Immgen Core","07-Jun-24",0,424,9,0,415,0,4,411,2542,1170,824,0,"IGT85"
"IGT85","HT18","exp_74","TCR antibody specificity","Immgen Core","07-Jun-24",0,142,3,0,139,0,8,131,2597,1170,550,0,"IGT85"
"IGT85","HT19","exp_74","TCR antibody specificity","Immgen Core","07-Jun-24",0,255,41,0,214,0,26,188,2725,1204,787,1,"IGT85"
"IGT85","HT2","exp_74","TCR antibody specificity","Immgen Core","07-Jun-24",0,689,27,0,662,1,3,659,2429,1118,2369,1,"IGT85"
"IGT85","HT20","exp_74","TCR antibody specificity","Immgen Core","07-Jun-24",0,118,9,0,109,0,15,94,2406,1110,671,1,"IGT85"
"IGT85","HT21","exp_74","TCR antibody specificity","Immgen Core","07-Jun-24",0,124,6,0,118,0,19,99,2581,1200,533,0,"IGT85"
"IGT85","HT22","exp_74","TCR antibody specificity","Immgen Core","07-Jun-24",0,4798,116,0,4682,0,55,4627,2540,1157,454,1,"IGT85"
"IGT85","HT3","exp_74","TCR antibody specificity","Immgen Core","07-Jun-24",0,684,16,0,668,0,4,664,2533,1145,432,1,"IGT85"
"IGT85","HT4","exp_74","TCR antibody specificity","Immgen Core","07-Jun-24",0,482,11,0,471,0,2,469,2465,1139,1001,1,"IGT85"
"IGT85","HT5","exp_74","TCR antibody specificity","Immgen Core","07-Jun-24",0,2,0,0,2,0,1,1,1524,1047,244,18,"IGT85"
"IGT85","HT6","exp_74","TCR antibody specificity","Immgen Core","07-Jun-24",0,24,1,0,23,0,5,18,2837,1214,286,0,"IGT85"
"IGT85","HT7","exp_74","TCR antibody specificity","Immgen Core","07-Jun-24",0,63,6,1,57,0,4,53,2547,1180,794,0,"IGT85"
"IGT85","HT8","exp_74","TCR antibody specificity","Immgen Core","07-Jun-24",0,59,0,0,59,0,1,58,2218,1140,1473,1,"IGT85"
"IGT85","HT9","exp_74","TCR antibody specificity","Immgen Core","07-Jun-24",0,126,13,0,113,0,4,109,2676,1188,1657,1,"IGT85"
"IGT87","HT2","exp_75","Secondary lymphoid organs T cells in allogeneic heart transplant, +/-  tolerogenic Tt","Alegre","24-Jun-24",24897,2831,29,1,0,80,2117,605,2107,888,1355,2616,"IGT87"
"IGT87","HT4","exp_75","Secondary lymphoid organs T cells in allogeneic heart transplant, +/-  tolerogenic Tt","Alegre","24-Jun-24",24897,1334,19,0,0,55,872,388,2378,967,576,2778,"IGT87"
"IGT87","HT6","exp_75","Secondary lymphoid organs T cells in allogeneic heart transplant, +/-  tolerogenic Tt","Alegre","24-Jun-24",24897,3399,25,0,0,25,2314,1035,1825,813,597,2362,"IGT87"
"IGT87","HT8","exp_75","Secondary lymphoid organs T cells in allogeneic heart transplant, +/-  tolerogenic Tt","Alegre","24-Jun-24",24897,2194,17,0,0,19,1300,858,1830,806,654,2263,"IGT87"
"IGT88","HT10","exp_76","T cells in PLZF reporter mice at baseline in spleen, LN, thymus, liver and lung","Zemmour","10-Jul-24",50000,2178,107,0,1,6,77,1987,1129,682,61,2628,"IGT88"
"IGT88","HT11","exp_76","T cells in PLZF reporter mice at baseline in spleen, LN, thymus, liver and lung","Zemmour","10-Jul-24",50000,1812,91,1,0,6,96,1619,1291,718,43,2827,"IGT88"
"IGT88","HT2","exp_76","T cells in PLZF reporter mice at baseline in spleen, LN, thymus, liver and lung","Zemmour","10-Jul-24",50000,2001,139,0,0,2,60,1800,1162,688,85,2157,"IGT88"
"IGT88","HT3","exp_76","T cells in PLZF reporter mice at baseline in spleen, LN, thymus, liver and lung","Zemmour","10-Jul-24",50000,1827,115,0,0,0,90,1622,1110,665,60,2389,"IGT88"
"IGT88","HT4","exp_76","T cells in PLZF reporter mice at baseline in spleen, LN, thymus, liver and lung","Zemmour","10-Jul-24",50000,995,25,0,1,13,42,914,1252,730,88,2688,"IGT88"
"IGT88","HT5","exp_76","T cells in PLZF reporter mice at baseline in spleen, LN, thymus, liver and lung","Zemmour","10-Jul-24",50000,1190,43,0,2,16,34,1095,1247,726,50,2761,"IGT88"
"IGT88","HT6","exp_76","T cells in PLZF reporter mice at baseline in spleen, LN, thymus, liver and lung","Zemmour","10-Jul-24",50000,585,17,0,1,1,7,559,1993,1070,78,2826,"IGT88"
"IGT88","HT7","exp_76","T cells in PLZF reporter mice at baseline in spleen, LN, thymus, liver and lung","Zemmour","10-Jul-24",50000,603,14,0,2,2,11,574,2232,1172,150,2860,"IGT88"
"IGT88","HT8","exp_76","T cells in PLZF reporter mice at baseline in spleen, LN, thymus, liver and lung","Zemmour","10-Jul-24",50000,1249,42,1,0,4,30,1173,1339,754,35,2932,"IGT88"
"IGT88","HT9","exp_76","T cells in PLZF reporter mice at baseline in spleen, LN, thymus, liver and lung","Zemmour","10-Jul-24",50000,1391,55,0,1,10,41,1284,1305,742,74,3116,"IGT88"
"IGT9","HT1","exp_7","Pan organ T cell profiling in a single mouse","Immgen Core","26-May-22",37200,1898,0,0,0,0,16,1882,3251,1318,1450,0,"IGT9"
"IGT9","HT10","exp_7","Pan organ T cell profiling in a single mouse","Immgen Core","26-May-22",37200,2009,4,3,0,0,50,1953,3551,1440,2227,0,"IGT9"
"IGT9","HT4","exp_7","Pan organ T cell profiling in a single mouse","Immgen Core","26-May-22",37200,646,1,0,0,0,15,630,2813,1290,2833,0,"IGT9"
"IGT9","HT5","exp_7","Pan organ T cell profiling in a single mouse","Immgen Core","26-May-22",37200,1367,1,0,0,0,46,1320,3706,1426,1048,0,"IGT9"
"IGT9","HT6","exp_7","Pan organ T cell profiling in a single mouse","Immgen Core","26-May-22",37200,1215,1,0,0,0,44,1170,3729,1469,1181,0,"IGT9"
"IGT9","HT9","exp_7","Pan organ T cell profiling in a single mouse","Immgen Core","26-May-22",37200,2471,4,0,0,0,94,2373,3395,1405,2230,0,"IGT9"
"IGT90","HT1","exp_77","Spleen, ileum and fetal and maternal placental T cells during pregnancy","Huh","30-Jul-24",50000,1147,9,3,0,0,91,1046,3978,1628,475,0,"IGT90"
"IGT90","HT10","exp_77","Spleen, ileum and fetal and maternal placental T cells during pregnancy","Huh","30-Jul-24",50000,179,2,0,0,0,11,166,4721,1805,106,0,"IGT90"
"IGT90","HT11","exp_77","Spleen, ileum and fetal and maternal placental T cells during pregnancy","Huh","30-Jul-24",50000,1114,0,0,0,0,59,1055,2853,1359,553,0,"IGT90"
"IGT90","HT12","exp_77","Spleen, ileum and fetal and maternal placental T cells during pregnancy","Huh","30-Jul-24",50000,1134,0,0,0,0,79,1055,3019,1408,1976,0,"IGT90"
"IGT90","HT13","exp_77","Spleen, ileum and fetal and maternal placental T cells during pregnancy","Huh","30-Jul-24",50000,1096,1,0,0,0,82,1013,3135,1442,794,0,"IGT90"
"IGT90","HT14","exp_77","Spleen, ileum and fetal and maternal placental T cells during pregnancy","Huh","30-Jul-24",50000,924,5,0,0,0,113,806,3373,1451,631,0,"IGT90"
"IGT90","HT15","exp_77","Spleen, ileum and fetal and maternal placental T cells during pregnancy","Huh","30-Jul-24",50000,597,0,0,0,0,56,541,3131,1357,640,0,"IGT90"
"IGT90","HT16","exp_77","Spleen, ileum and fetal and maternal placental T cells during pregnancy","Huh","30-Jul-24",50000,586,0,0,0,0,54,532,3027,1346,835,0,"IGT90"
"IGT90","HT17","exp_77","Spleen, ileum and fetal and maternal placental T cells during pregnancy","Huh","30-Jul-24",50000,401,0,0,0,0,12,389,3136,1367,631,0,"IGT90"
"IGT90","HT18","exp_77","Spleen, ileum and fetal and maternal placental T cells during pregnancy","Huh","30-Jul-24",50000,589,0,0,0,0,19,570,3001,1331,665,0,"IGT90"
"IGT90","HT19","exp_77","Spleen, ileum and fetal and maternal placental T cells during pregnancy","Huh","30-Jul-24",50000,550,0,0,0,0,20,530,3130,1349,658,0,"IGT90"
"IGT90","HT2","exp_77","Spleen, ileum and fetal and maternal placental T cells during pregnancy","Huh","30-Jul-24",50000,1200,14,0,0,0,190,996,3800,1620,3153,0,"IGT90"
"IGT90","HT20","exp_77","Spleen, ileum and fetal and maternal placental T cells during pregnancy","Huh","30-Jul-24",50000,587,0,0,0,0,9,578,3230,1402,949,0,"IGT90"
"IGT90","HT21","exp_77","Spleen, ileum and fetal and maternal placental T cells during pregnancy","Huh","30-Jul-24",50000,577,0,0,0,0,40,537,2931,1307,666,0,"IGT90"
"IGT90","HT23","exp_77","Spleen, ileum and fetal and maternal placental T cells during pregnancy","Huh","30-Jul-24",50000,608,0,0,0,0,362,246,3175,1433,528,0,"IGT90"
"IGT90","HT3","exp_77","Spleen, ileum and fetal and maternal placental T cells during pregnancy","Huh","30-Jul-24",50000,1103,9,1,0,0,113,981,3640,1593,602,0,"IGT90"
"IGT90","HT4","exp_77","Spleen, ileum and fetal and maternal placental T cells during pregnancy","Huh","30-Jul-24",50000,1007,2,0,0,0,85,920,2876,1357,836,0,"IGT90"
"IGT90","HT5","exp_77","Spleen, ileum and fetal and maternal placental T cells during pregnancy","Huh","30-Jul-24",50000,576,1,0,0,0,21,554,2878,1322,808,0,"IGT90"
"IGT90","HT8","exp_77","Spleen, ileum and fetal and maternal placental T cells during pregnancy","Huh","30-Jul-24",50000,582,0,0,0,0,14,568,2993,1374,1491,0,"IGT90"
"IGT90","HT9","exp_77","Spleen, ileum and fetal and maternal placental T cells during pregnancy","Huh","30-Jul-24",50000,629,1,0,0,0,16,612,3022,1375,1193,0,"IGT90"
"IGT91","HT1","exp_78","T cells in MHCII knockout, het, and Ea16","Immgen Core","31-Jul-24",50000,861,2,0,0,0,48,811,3976,1736,392,0,"IGT91"
"IGT91","HT10","exp_78","T cells in MHCII knockout, het, and Ea16","Immgen Core","31-Jul-24",50000,1082,1,0,0,0,96,985,3419,1498,1431,0,"IGT91"
"IGT91","HT11","exp_78","T cells in MHCII knockout, het, and Ea16","Immgen Core","31-Jul-24",50000,953,3,0,0,0,97,853,3354,1498,1134,0,"IGT91"
"IGT91","HT2","exp_78","T cells in MHCII knockout, het, and Ea16","Immgen Core","31-Jul-24",50000,1062,3,0,0,0,66,993,3325,1488,3793,0,"IGT91"
"IGT91","HT3","exp_78","T cells in MHCII knockout, het, and Ea16","Immgen Core","31-Jul-24",50000,912,0,0,0,0,57,855,3379,1532,592,0,"IGT91"
"IGT91","HT4","exp_78","T cells in MHCII knockout, het, and Ea16","Immgen Core","31-Jul-24",50000,1004,0,0,0,0,104,900,3415,1520,1064,0,"IGT91"
"IGT91","HT5","exp_78","T cells in MHCII knockout, het, and Ea16","Immgen Core","31-Jul-24",50000,976,2,0,0,0,57,917,3456,1503,1316,0,"IGT91"
"IGT91","HT7","exp_78","T cells in MHCII knockout, het, and Ea16","Immgen Core","31-Jul-24",50000,1009,1,1,0,0,127,881,3443,1522,1738,0,"IGT91"
"IGT91","HT9","exp_78","T cells in MHCII knockout, het, and Ea16","Immgen Core","31-Jul-24",50000,1028,2,0,0,0,97,929,3423,1514,2143,0,"IGT91"
"IGT92","HT1","exp_78","T cells in MHCII knockout, het, and Ea16","Immgen Core","31-Jul-24",50000,960,2,0,0,0,43,915,3764,1652,484,0,"IGT92"
"IGT92","HT10","exp_78","T cells in MHCII knockout, het, and Ea16","Immgen Core","31-Jul-24",50000,1155,3,0,0,0,90,1062,3260,1423,1570,0,"IGT92"
"IGT92","HT11","exp_78","T cells in MHCII knockout, het, and Ea16","Immgen Core","31-Jul-24",50000,1131,1,0,0,0,119,1011,3372,1467,1313,0,"IGT92"
"IGT92","HT2","exp_78","T cells in MHCII knockout, het, and Ea16","Immgen Core","31-Jul-24",50000,1083,5,0,0,0,65,1013,3301,1455,4244,0,"IGT92"
"IGT92","HT3","exp_78","T cells in MHCII knockout, het, and Ea16","Immgen Core","31-Jul-24",50000,1106,2,0,0,0,56,1048,3183,1432,664,0,"IGT92"
"IGT92","HT4","exp_78","T cells in MHCII knockout, het, and Ea16","Immgen Core","31-Jul-24",50000,1137,1,0,0,0,107,1029,3233,1418,1154,0,"IGT92"
"IGT92","HT5","exp_78","T cells in MHCII knockout, het, and Ea16","Immgen Core","31-Jul-24",50000,1096,0,0,0,0,62,1034,3256,1417,1444,0,"IGT92"
"IGT92","HT7","exp_78","T cells in MHCII knockout, het, and Ea16","Immgen Core","31-Jul-24",50000,1108,2,1,0,0,110,996,3388,1467,1858,0,"IGT92"
"IGT92","HT9","exp_78","T cells in MHCII knockout, het, and Ea16","Immgen Core","31-Jul-24",50000,1129,2,0,0,0,88,1039,3206,1422,2273,0,"IGT92"
"IGT95","HT10","exp_80","Lung and LN T cells in flu infection and KP tumors","Spranger","22-Aug-24",55000,213,0,0,0,16,0,197,2505,1080,501,3294,"IGT95"
"IGT95","HT11","exp_80","Lung and LN T cells in flu infection and KP tumors","Spranger","22-Aug-24",55000,76,0,0,0,6,1,69,2531,1081,294,3217,"IGT95"
"IGT95","HT12","exp_80","Lung and LN T cells in flu infection and KP tumors","Spranger","22-Aug-24",55000,256,0,0,0,52,13,191,2124,1064,2748,4333,"IGT95"
"IGT95","HT13","exp_80","Lung and LN T cells in flu infection and KP tumors","Spranger","22-Aug-24",55000,396,0,1,0,90,66,239,2130,1040,906,5118,"IGT95"
"IGT95","HT14","exp_80","Lung and LN T cells in flu infection and KP tumors","Spranger","22-Aug-24",55000,87,0,0,0,59,14,14,3546,1491,1076,5180,"IGT95"
"IGT95","HT17","exp_80","Lung and LN T cells in flu infection and KP tumors","Spranger","22-Aug-24",55000,1203,1,0,0,273,80,849,3286,1398,656,4564,"IGT95"
"IGT95","HT18","exp_80","Lung and LN T cells in flu infection and KP tumors","Spranger","22-Aug-24",55000,518,0,0,0,167,132,219,3027,1289,856,4739,"IGT95"
"IGT95","HT2","exp_80","Lung and LN T cells in flu infection and KP tumors","Spranger","22-Aug-24",55000,532,0,0,4,63,8,457,2433,1017,1512,3568,"IGT95"
"IGT95","HT21","exp_80","Lung and LN T cells in flu infection and KP tumors","Spranger","22-Aug-24",55000,1272,0,1,0,336,153,782,2227,1074,255,4549,"IGT95"
"IGT95","HT3","exp_80","Lung and LN T cells in flu infection and KP tumors","Spranger","22-Aug-24",55000,713,0,0,0,71,4,638,2516,1032,413,3713,"IGT95"
"IGT95","HT4","exp_80","Lung and LN T cells in flu infection and KP tumors","Spranger","22-Aug-24",55000,623,0,0,0,78,8,537,2490,1020,542,3656,"IGT95"
"IGT95","HT5","exp_80","Lung and LN T cells in flu infection and KP tumors","Spranger","22-Aug-24",55000,546,1,0,0,59,3,483,2639,1097,368,3566,"IGT95"
"IGT95","HT9","exp_80","Lung and LN T cells in flu infection and KP tumors","Spranger","22-Aug-24",55000,416,0,0,0,51,2,363,2667,1087,661,3340,"IGT95"
"IGT96","HT10","exp_80","Lung and LN T cells in flu infection and KP tumors","Spranger","22-Aug-24",55000,294,1,0,0,26,1,266,2793,1183,501,3348,"IGT96"
"IGT96","HT11","exp_80","Lung and LN T cells in flu infection and KP tumors","Spranger","22-Aug-24",55000,108,0,0,0,5,1,102,2608,1145,304,3234,"IGT96"
"IGT96","HT12","exp_80","Lung and LN T cells in flu infection and KP tumors","Spranger","22-Aug-24",55000,396,0,0,3,59,24,310,2231,1104,2738,4365,"IGT96"
"IGT96","HT13","exp_80","Lung and LN T cells in flu infection and KP tumors","Spranger","22-Aug-24",55000,520,0,0,1,133,84,302,2470,1152,818,4705,"IGT96"
"IGT96","HT14","exp_80","Lung and LN T cells in flu infection and KP tumors","Spranger","22-Aug-24",55000,117,0,0,0,75,22,20,4950,1814,886,5407,"IGT96"
"IGT96","HT17","exp_80","Lung and LN T cells in flu infection and KP tumors","Spranger","22-Aug-24",55000,1591,1,0,0,335,116,1139,3294,1425,625,4546,"IGT96"
"IGT96","HT18","exp_80","Lung and LN T cells in flu infection and KP tumors","Spranger","22-Aug-24",55000,747,0,0,0,200,227,320,3505,1424,776,4529,"IGT96"
"IGT96","HT2","exp_80","Lung and LN T cells in flu infection and KP tumors","Spranger","22-Aug-24",55000,775,0,0,8,78,10,679,2483,1068,1347,3716,"IGT96"
"IGT96","HT21","exp_80","Lung and LN T cells in flu infection and KP tumors","Spranger","22-Aug-24",55000,1734,0,0,0,322,245,1167,2343,1118,225,4114,"IGT96"
"IGT96","HT3","exp_80","Lung and LN T cells in flu infection and KP tumors","Spranger","22-Aug-24",55000,1061,0,0,0,97,15,949,2619,1082,410,3593,"IGT96"
"IGT96","HT4","exp_80","Lung and LN T cells in flu infection and KP tumors","Spranger","22-Aug-24",55000,856,1,0,0,103,5,747,2658,1084,552,3599,"IGT96"
"IGT96","HT5","exp_80","Lung and LN T cells in flu infection and KP tumors","Spranger","22-Aug-24",55000,782,0,0,0,76,7,699,2714,1139,374,3603,"IGT96"
"IGT96","HT9","exp_80","Lung and LN T cells in flu infection and KP tumors","Spranger","22-Aug-24",55000,579,0,0,0,37,6,536,2787,1147,629,3412,"IGT96"
